tokens_generated,total_time_seconds,tokens_per_second,peak_vram_mb,kv_cache_method,perplexity,sample_id,dataset,baseline,window_size,max_new_tokens,exact_match,f1
64,2.530568838119507,25.290756384860526,339.1796875,full,10.578577041625977,narrativeqa_0,narrativeqa,full,N/A,64,0.0,0.30434782608695654
64,2.116553783416748,30.237833076315663,339.96484375,full,8.591432571411133,narrativeqa_1,narrativeqa,full,N/A,64,0.0,0.1276595744680851
64,2.11885404586792,30.205006392398527,340.0478515625,full,14.184416770935059,narrativeqa_2,narrativeqa,full,N/A,64,0.0,0.1754385964912281
64,2.1170575618743896,30.23063763242035,339.1796875,full,6.804428577423096,narrativeqa_3,narrativeqa,full,N/A,64,0.0,0.05882352941176471
64,2.114871025085449,30.261892683225987,340.0263671875,full,11.446097373962402,narrativeqa_4,narrativeqa,full,N/A,64,0.0,0.22727272727272727
64,2.1133711338043213,30.283370003636005,339.9853515625,full,20.470460891723633,narrativeqa_5,narrativeqa,full,N/A,64,0.0,0.33333333333333337
28,0.9892399311065674,28.304559004890855,339.9853515625,full,15.38436222076416,narrativeqa_6,narrativeqa,full,N/A,64,0.0,0.6666666666666667
64,2.120631217956543,30.179693413016388,339.1416015625,full,12.468729972839355,narrativeqa_7,narrativeqa,full,N/A,64,0.0,0.16666666666666669
48,1.6196544170379639,29.63595165429349,339.943359375,full,18.17283058166504,narrativeqa_8,narrativeqa,full,N/A,64,0.0,0.2162162162162162
15,0.5821592807769775,25.76614424145276,339.96484375,full,162.27169799804688,narrativeqa_9,narrativeqa,full,N/A,64,0.0,0.14285714285714285
26,0.9287240505218506,27.99539861748017,339.9853515625,full,23.929664611816406,narrativeqa_10,narrativeqa,full,N/A,64,0.0,0.4444444444444445
21,0.7722046375274658,27.19486387344193,340.068359375,full,25.645488739013672,narrativeqa_11,narrativeqa,full,N/A,64,0.0,0.33333333333333337
64,2.1231820583343506,30.143434826407866,340.005859375,full,12.801258087158203,narrativeqa_12,narrativeqa,full,N/A,64,0.0,0.0
60,1.9993741512298584,30.009390670121796,339.96484375,full,9.014365196228027,narrativeqa_13,narrativeqa,full,N/A,64,0.0,0.1111111111111111
20,0.739393949508667,27.04917995784271,340.0263671875,full,42.900001525878906,narrativeqa_14,narrativeqa,full,N/A,64,0.0,0.17391304347826086
15,0.5835766792297363,25.703563102964498,340.068359375,full,57.62211608886719,narrativeqa_15,narrativeqa,full,N/A,64,0.0,0.19999999999999998
64,2.1246519088745117,30.122581366235476,339.96484375,full,23.284137725830078,narrativeqa_16,narrativeqa,full,N/A,64,0.0,0.1904761904761905
64,2.1253881454467773,30.112146874022663,340.0263671875,full,24.06918716430664,narrativeqa_17,narrativeqa,full,N/A,64,0.0,0.0
14,0.5508542060852051,25.415073254127982,340.0263671875,full,97.08369445800781,narrativeqa_18,narrativeqa,full,N/A,64,0.0,0.25
18,0.6760063171386719,26.626970109079007,339.943359375,full,24.62432861328125,narrativeqa_19,narrativeqa,full,N/A,64,0.0,0.33333333333333337
17,0.6457874774932861,26.324449749301216,339.96484375,full,37.38856887817383,narrativeqa_20,narrativeqa,full,N/A,64,0.0,0.42857142857142855
24,0.864605188369751,27.758334466223825,340.0478515625,full,31.294208526611328,narrativeqa_21,narrativeqa,full,N/A,64,0.0,0.38095238095238093
28,0.9942803382873535,28.16107180418549,339.71240234375,full,30.517438888549805,narrativeqa_22,narrativeqa,full,N/A,64,0.0,0.0
36,1.2430126667022705,28.96189312013086,340.005859375,full,28.77814483642578,narrativeqa_23,narrativeqa,full,N/A,64,0.0,0.2
45,1.524526596069336,29.517359760087377,339.943359375,full,16.962038040161133,narrativeqa_24,narrativeqa,full,N/A,64,0.0,0.1739130434782609
64,2.123868227005005,30.13369623700726,339.943359375,full,23.380205154418945,narrativeqa_25,narrativeqa,full,N/A,64,0.0,0.18604651162790695
64,2.1257383823394775,30.10718559334894,340.005859375,full,23.533700942993164,narrativeqa_26,narrativeqa,full,N/A,64,0.0,0.1
51,1.7169132232666016,29.704471553295704,340.068359375,full,7.503246784210205,narrativeqa_27,narrativeqa,full,N/A,64,0.0,0.0625
64,2.1274962425231934,30.08230929897978,340.068359375,full,10.02595043182373,narrativeqa_28,narrativeqa,full,N/A,64,0.0,0.0
64,2.05373477935791,31.16273855965437,316.36962890625,full,21.86858367919922,narrativeqa_29,narrativeqa,full,N/A,64,0.0,0.05714285714285715
64,2.053100109100342,31.172371827521104,316.27001953125,full,8.275712966918945,narrativeqa_30,narrativeqa,full,N/A,64,0.0,0.06666666666666667
64,2.0537939071655273,31.161841398355,316.27001953125,full,12.261710166931152,narrativeqa_31,narrativeqa,full,N/A,64,0.0,0.0689655172413793
64,2.0540316104888916,31.158235186442433,316.87060546875,full,19.20374870300293,narrativeqa_32,narrativeqa,full,N/A,64,0.0,0.0
64,2.05122971534729,31.20079604987795,316.31982421875,full,13.974432945251465,narrativeqa_33,narrativeqa,full,N/A,64,0.0,0.08695652173913045
64,2.054133653640747,31.156687339485618,316.47021484375,full,9.847039222717285,narrativeqa_34,narrativeqa,full,N/A,64,0.0,0.0
64,2.0540974140167236,31.157237024533316,316.36962890625,full,10.566356658935547,narrativeqa_35,narrativeqa,full,N/A,64,0.0,0.09523809523809523
10,0.35539770126342773,28.137492067197712,316.22021484375,full,205.15420532226562,narrativeqa_36,narrativeqa,full,N/A,64,0.0,0.5
64,2.0565221309661865,31.120501470087166,316.31982421875,full,17.814861297607422,narrativeqa_37,narrativeqa,full,N/A,64,0.0,0.0
64,2.0548648834228516,31.145600139602966,316.16943359375,full,4.894299507141113,narrativeqa_38,narrativeqa,full,N/A,64,0.0,0.0909090909090909
64,2.056328296661377,31.12343496119244,316.72021484375,full,8.934309959411621,narrativeqa_39,narrativeqa,full,N/A,64,0.0,0.11538461538461539
64,2.054128885269165,31.15675966535746,316.27001953125,full,9.607659339904785,narrativeqa_40,narrativeqa,full,N/A,64,0.0,0.10256410256410256
64,2.054185628890991,31.15589900925953,316.82080078125,full,16.672624588012695,narrativeqa_41,narrativeqa,full,N/A,64,0.0,0.09523809523809523
64,2.051844835281372,31.191442403208622,316.27001953125,full,10.324836730957031,narrativeqa_42,narrativeqa,full,N/A,64,0.0,0.0588235294117647
64,2.0528459548950195,31.17623114749148,316.47021484375,full,9.150285720825195,narrativeqa_43,narrativeqa,full,N/A,64,0.0,0.0
64,2.0565032958984375,31.12078649601187,316.62060546875,full,4.555775165557861,narrativeqa_44,narrativeqa,full,N/A,64,0.0,0.0784313725490196
64,2.055880069732666,31.13022055237014,316.67041015625,full,20.384033203125,narrativeqa_45,narrativeqa,full,N/A,64,0.0,0.24489795918367344
64,2.0546092987060547,31.149474520681725,316.31982421875,full,4.872226238250732,narrativeqa_46,narrativeqa,full,N/A,64,0.0,0.08333333333333333
23,0.7638983726501465,30.10871710618716,316.47021484375,full,88.26678466796875,narrativeqa_47,narrativeqa,full,N/A,64,0.0,0.16666666666666669
64,2.055682420730591,31.1332136494383,316.72021484375,full,5.7314934730529785,narrativeqa_48,narrativeqa,full,N/A,64,0.0,0.05882352941176471
64,2.0546875,31.14828897338403,316.62060546875,full,19.102943420410156,narrativeqa_49,narrativeqa,full,N/A,64,0.0,0.1621621621621622
64,2.0555989742279053,31.134477494103034,316.67041015625,full,15.909699440002441,narrativeqa_50,narrativeqa,full,N/A,64,0.0,0.05555555555555556
64,2.0527408123016357,31.17782801241234,316.72021484375,full,13.658495903015137,narrativeqa_51,narrativeqa,full,N/A,64,0.0,0.12000000000000001
64,2.0555763244628906,31.134820555360697,316.42041015625,full,7.9850873947143555,narrativeqa_52,narrativeqa,full,N/A,64,0.0,0.08333333333333333
64,2.0530359745025635,31.173345618313757,316.11962890625,full,8.487126350402832,narrativeqa_53,narrativeqa,full,N/A,64,0.0,0.0
64,2.054178476333618,31.156007492703274,316.27001953125,full,6.692692756652832,narrativeqa_54,narrativeqa,full,N/A,64,0.0,0.07692307692307693
64,2.0522313117980957,31.185568425971127,316.82080078125,full,27.279869079589844,narrativeqa_55,narrativeqa,full,N/A,64,0.0,0.1777777777777778
64,2.0559799671173096,31.12870797556186,316.36962890625,full,14.251718521118164,narrativeqa_56,narrativeqa,full,N/A,64,0.0,0.05
64,2.0557141304016113,31.132733415368772,316.36962890625,full,5.704714775085449,narrativeqa_57,narrativeqa,full,N/A,64,0.0,0.12121212121212122
28,0.929633378982544,30.119400435734317,317.423828125,full,62.09535217285156,narrativeqa_58,narrativeqa,full,N/A,64,0.0,0.19999999999999998
64,2.059668779373169,31.07295728368398,317.4736328125,full,9.521066665649414,narrativeqa_59,narrativeqa,full,N/A,64,0.0,0.20512820512820512
64,2.063141107559204,31.020660567281848,317.5234375,full,10.106447219848633,narrativeqa_60,narrativeqa,full,N/A,64,0.0,0.10526315789473684
64,2.06166410446167,31.042884173758907,317.4736328125,full,10.228804588317871,narrativeqa_61,narrativeqa,full,N/A,64,0.0,0.18604651162790695
35,1.1476223468780518,30.49783763379362,317.423828125,full,22.465667724609375,narrativeqa_62,narrativeqa,full,N/A,64,0.0,0.2608695652173913
64,2.0580015182495117,31.09813060509154,317.5732421875,full,4.605776786804199,narrativeqa_63,narrativeqa,full,N/A,64,0.0,0.14634146341463414
33,1.0869677066802979,30.359687594385964,317.423828125,full,61.28264236450195,narrativeqa_64,narrativeqa,full,N/A,64,0.0,0.17391304347826084
64,2.0595316886901855,31.07502562424884,317.2236328125,full,12.761094093322754,narrativeqa_65,narrativeqa,full,N/A,64,0.0,0.2285714285714286
64,2.064319372177124,31.002954708748735,317.4736328125,full,11.643570899963379,narrativeqa_66,narrativeqa,full,N/A,64,0.0,0.12121212121212122
14,0.48871541023254395,28.646528648111225,317.423828125,full,156.23287963867188,narrativeqa_67,narrativeqa,full,N/A,64,0.0,0.2222222222222222
28,0.9292335510253906,30.13236012529096,317.423828125,full,62.09535217285156,narrativeqa_68,narrativeqa,full,N/A,64,0.0,0.19999999999999998
16,0.5514795780181885,29.01286038097371,317.82421875,full,196.72474670410156,narrativeqa_69,narrativeqa,full,N/A,64,0.0,0.19999999999999998
64,2.061642646789551,31.04320726953463,317.5234375,full,8.059504508972168,narrativeqa_70,narrativeqa,full,N/A,64,0.0,0.06666666666666667
19,0.645531177520752,29.433125248840835,317.923828125,full,111.82234191894531,narrativeqa_71,narrativeqa,full,N/A,64,0.0,0.3636363636363636
21,0.7095847129821777,29.594775106897554,317.82421875,full,71.97769165039062,narrativeqa_72,narrativeqa,full,N/A,64,0.0,0.25
64,2.06520938873291,30.989593766696267,317.7236328125,full,9.466712951660156,narrativeqa_73,narrativeqa,full,N/A,64,0.0,0.13333333333333333
64,2.062704086303711,31.027232856597294,318.474609375,full,6.001552581787109,narrativeqa_74,narrativeqa,full,N/A,64,0.0,0.10909090909090909
44,1.4312376976013184,30.742622328731112,317.673828125,full,94.05107879638672,narrativeqa_75,narrativeqa,full,N/A,64,0.0,0.09523809523809523
42,1.3702125549316406,30.652178633770703,317.7734375,full,21.15279197692871,narrativeqa_76,narrativeqa,full,N/A,64,0.0,0.42105263157894735
64,2.06079363822937,31.055996492200293,317.3232421875,full,15.319755554199219,narrativeqa_77,narrativeqa,full,N/A,64,0.0,0.18604651162790695
64,2.061619997024536,31.043548322372192,317.423828125,full,16.531553268432617,narrativeqa_78,narrativeqa,full,N/A,64,0.0,0.16666666666666669
64,2.0577661991119385,31.101686881444653,317.3232421875,full,59.75312042236328,narrativeqa_79,narrativeqa,full,N/A,64,0.0,0.2
20,0.6771485805511475,29.535615335295425,317.423828125,full,67.04408264160156,narrativeqa_80,narrativeqa,full,N/A,64,0.0,0.3636363636363636
64,2.0633111000061035,31.01810483150635,317.5234375,full,8.059504508972168,narrativeqa_81,narrativeqa,full,N/A,64,0.0,0.06666666666666667
64,2.0623340606689453,31.032799787654554,317.4736328125,full,11.786684036254883,narrativeqa_82,narrativeqa,full,N/A,64,0.0,0.0625
64,2.0603394508361816,31.06284256898824,317.5732421875,full,8.039054870605469,narrativeqa_83,narrativeqa,full,N/A,64,0.0,0.0689655172413793
64,2.0621891021728516,31.03498119186334,317.2236328125,full,10.630584716796875,narrativeqa_84,narrativeqa,full,N/A,64,0.0,0.1111111111111111
52,1.6849644184112549,30.861185810101887,317.5234375,full,43.927738189697266,narrativeqa_85,narrativeqa,full,N/A,64,0.0,0.2857142857142857
64,2.0625996589660645,31.028803734061405,317.5234375,full,8.595304489135742,narrativeqa_86,narrativeqa,full,N/A,64,0.0,0.2641509433962264
33,1.0855531692504883,30.39924799149598,317.4736328125,full,21.35619354248047,narrativeqa_87,narrativeqa,full,N/A,64,0.0,0.3846153846153846
64,2.1231534481048584,30.14384101965256,334.73095703125,full,5.48112154006958,narrativeqa_88,narrativeqa,full,N/A,64,0.0,0.25
64,2.1216840744018555,30.164717156602524,334.88427734375,full,13.01620101928711,narrativeqa_89,narrativeqa,full,N/A,64,0.0,0.13043478260869565
22,0.7989223003387451,27.5370958986524,335.26708984375,full,56.8702278137207,narrativeqa_90,narrativeqa,full,N/A,64,0.0,0.2857142857142857
6,0.2938976287841797,20.415271891853305,334.73095703125,full,8128.486328125,narrativeqa_91,narrativeqa,full,N/A,64,1.0,1.0
26,0.9250118732452393,28.107747318727526,335.45947265625,full,117.18505859375,narrativeqa_92,narrativeqa,full,N/A,64,0.0,0.7096774193548387
64,2.1075382232666016,30.367183519358672,334.6513671875,full,6.216007232666016,narrativeqa_93,narrativeqa,full,N/A,64,0.0,0.15789473684210528
34,1.1760852336883545,28.909469336139548,334.84619140625,full,30.993406295776367,narrativeqa_94,narrativeqa,full,N/A,64,0.0,0.0
63,2.0700268745422363,30.434387482979783,334.498046875,full,7.1053338050842285,narrativeqa_95,narrativeqa,full,N/A,64,0.0,0.23255813953488372
17,0.6250426769256592,27.198142827008805,334.537109375,full,110.75402069091797,narrativeqa_96,narrativeqa,full,N/A,64,0.0,0.4
29,1.0023503303527832,28.932000241665282,334.6513671875,full,19.553956985473633,narrativeqa_97,narrativeqa,full,N/A,64,0.0,0.7333333333333334
64,2.1044018268585205,30.412442710877166,334.5751953125,full,10.286962509155273,narrativeqa_98,narrativeqa,full,N/A,64,0.0,0.3478260869565218
64,2.101681709289551,30.45180424662613,334.5751953125,full,8.546677589416504,narrativeqa_99,narrativeqa,full,N/A,64,0.0,0.2857142857142857
64,2.3100087642669678,27.705522589352185,1017.09375,full,10.578577041625977,narrativeqa_0,narrativeqa,full,N/A,64,0.0,0.30434782608695654
64,1.6700716018676758,38.321710235912924,1017.267578125,full,8.591432571411133,narrativeqa_1,narrativeqa,full,N/A,64,0.0,0.1276595744680851
64,1.6668016910552979,38.39688929009896,1017.4990234375,full,14.184416770935059,narrativeqa_2,narrativeqa,full,N/A,64,0.0,0.1754385964912281
64,1.6696851253509521,38.330580435965615,1017.09375,full,6.804428577423096,narrativeqa_3,narrativeqa,full,N/A,64,0.0,0.05882352941176471
64,1.6699092388153076,38.325436204786705,1017.4404296875,full,11.446097373962402,narrativeqa_4,narrativeqa,full,N/A,64,0.0,0.22727272727272727
64,1.6689140796661377,38.34828933362648,1017.3251953125,full,20.470460891723633,narrativeqa_5,narrativeqa,full,N/A,64,0.0,0.33333333333333337
28,0.7947916984558105,35.229356389102705,1017.3251953125,full,15.38436222076416,narrativeqa_6,narrativeqa,full,N/A,64,0.0,0.6666666666666667
64,1.6626026630401611,38.49386352056748,1017.0478515625,full,12.468729972839355,narrativeqa_7,narrativeqa,full,N/A,64,0.0,0.16666666666666669
48,1.274806022644043,37.652787284801505,1017.208984375,full,18.17283058166504,narrativeqa_8,narrativeqa,full,N/A,64,0.0,0.2162162162162162
15,0.48111438751220703,31.177616777505772,1017.267578125,full,162.27169799804688,narrativeqa_9,narrativeqa,full,N/A,64,0.0,0.14285714285714285
26,0.745391845703125,34.88098259979529,1017.3251953125,full,23.929664611816406,narrativeqa_10,narrativeqa,full,N/A,64,0.0,0.4444444444444445
21,0.6236515045166016,33.672651870337916,1017.556640625,full,25.645488739013672,narrativeqa_11,narrativeqa,full,N/A,64,0.0,0.33333333333333337
64,1.6643197536468506,38.45414912594978,1017.3828125,full,12.801258087158203,narrativeqa_12,narrativeqa,full,N/A,64,0.0,0.0
60,1.5669739246368408,38.29036275374237,1017.267578125,full,9.014365196228027,narrativeqa_13,narrativeqa,full,N/A,64,0.0,0.1111111111111111
20,0.600527286529541,33.304065358262726,1017.4404296875,full,42.900001525878906,narrativeqa_14,narrativeqa,full,N/A,64,0.0,0.17391304347826086
15,0.4811692237854004,31.17406363190415,1017.556640625,full,57.62211608886719,narrativeqa_15,narrativeqa,full,N/A,64,0.0,0.19999999999999998
64,1.6604785919189453,38.5431045672428,1017.267578125,full,23.284137725830078,narrativeqa_16,narrativeqa,full,N/A,64,0.0,0.1904761904761905
64,1.6618731021881104,38.51076229330278,1017.4404296875,full,24.06918716430664,narrativeqa_17,narrativeqa,full,N/A,64,0.0,0.0
14,0.45491647720336914,30.77488000888862,1017.4404296875,full,97.08369445800781,narrativeqa_18,narrativeqa,full,N/A,64,0.0,0.25
18,0.5521559715270996,32.59948443592368,1017.208984375,full,24.62432861328125,narrativeqa_19,narrativeqa,full,N/A,64,0.0,0.33333333333333337
17,0.5288395881652832,32.145853639623574,1017.267578125,full,37.38856887817383,narrativeqa_20,narrativeqa,full,N/A,64,0.0,0.42857142857142855
24,0.6956772804260254,34.49875491880755,1017.4990234375,full,31.294208526611328,narrativeqa_21,narrativeqa,full,N/A,64,0.0,0.38095238095238093
28,0.7954103946685791,35.201953843797405,1017.79052734375,full,30.517438888549805,narrativeqa_22,narrativeqa,full,N/A,64,0.0,0.0
36,0.9852197170257568,36.540072613121325,1017.3828125,full,28.77814483642578,narrativeqa_23,narrativeqa,full,N/A,64,0.0,0.2
45,1.202397108078003,37.42523971296904,1017.208984375,full,16.962038040161133,narrativeqa_24,narrativeqa,full,N/A,64,0.0,0.1739130434782609
64,1.663769006729126,38.46687835940658,1017.208984375,full,23.380205154418945,narrativeqa_25,narrativeqa,full,N/A,64,0.0,0.18604651162790695
64,1.662187099456787,38.50348737570854,1017.3828125,full,23.533700942993164,narrativeqa_26,narrativeqa,full,N/A,64,0.0,0.1
51,1.348496913909912,37.81988632968211,1017.556640625,full,7.503246784210205,narrativeqa_27,narrativeqa,full,N/A,64,0.0,0.0625
64,1.6721010208129883,38.27519940684129,1017.556640625,full,10.02595043182373,narrativeqa_28,narrativeqa,full,N/A,64,0.0,0.0
64,1.5970377922058105,40.07419255345481,992.18212890625,full,21.86858367919922,narrativeqa_29,narrativeqa,full,N/A,64,0.0,0.05714285714285715
64,1.6679527759552002,38.370390890322774,992.12939453125,full,8.275712966918945,narrativeqa_30,narrativeqa,full,N/A,64,0.0,0.06666666666666667
64,1.7064876556396484,37.5039337603709,992.12939453125,full,12.261710166931152,narrativeqa_31,narrativeqa,full,N/A,64,0.0,0.0689655172413793
64,1.710259199142456,37.421228333161636,992.44873046875,full,19.20374870300293,narrativeqa_32,narrativeqa,full,N/A,64,0.0,0.0
64,1.7089166641235352,37.4506266710344,992.15576171875,full,13.974432945251465,narrativeqa_33,narrativeqa,full,N/A,64,0.0,0.08695652173913045
64,1.7137267589569092,37.34551010859792,992.23583984375,full,9.847039222717285,narrativeqa_34,narrativeqa,full,N/A,64,0.0,0.0
64,1.7087113857269287,37.45512585366943,992.18212890625,full,10.566356658935547,narrativeqa_35,narrativeqa,full,N/A,64,0.0,0.09523809523809523
10,0.3062410354614258,32.65401707165924,992.10302734375,full,205.15420532226562,narrativeqa_36,narrativeqa,full,N/A,64,0.0,0.5
64,1.6773240566253662,38.15601388843285,992.15576171875,full,17.814861297607422,narrativeqa_37,narrativeqa,full,N/A,64,0.0,0.0
64,1.6822752952575684,38.043713879898085,992.07568359375,full,4.894299507141113,narrativeqa_38,narrativeqa,full,N/A,64,0.0,0.0909090909090909
64,1.5886142253875732,40.286684443094394,992.36865234375,full,8.934309959411621,narrativeqa_39,narrativeqa,full,N/A,64,0.0,0.11538461538461539
64,1.589986801147461,40.25190646476594,992.12939453125,full,9.607659339904785,narrativeqa_40,narrativeqa,full,N/A,64,0.0,0.10256410256410256
64,1.5892162322998047,40.271423547809846,992.42236328125,full,16.672624588012695,narrativeqa_41,narrativeqa,full,N/A,64,0.0,0.09523809523809523
64,1.588146448135376,40.29855059975208,992.12939453125,full,10.324836730957031,narrativeqa_42,narrativeqa,full,N/A,64,0.0,0.0588235294117647
64,1.5893051624298096,40.26917014612447,992.23583984375,full,9.150285720825195,narrativeqa_43,narrativeqa,full,N/A,64,0.0,0.0
64,1.5886354446411133,40.28614633765657,992.31591796875,full,4.555775165557861,narrativeqa_44,narrativeqa,full,N/A,64,0.0,0.0784313725490196
64,1.590613603591919,40.23604466570347,992.34228515625,full,20.384033203125,narrativeqa_45,narrativeqa,full,N/A,64,0.0,0.24489795918367344
64,1.5861194133758545,40.35005149062774,992.15576171875,full,4.872226238250732,narrativeqa_46,narrativeqa,full,N/A,64,0.0,0.08333333333333333
23,0.5992743968963623,38.37974743976521,992.23583984375,full,88.26678466796875,narrativeqa_47,narrativeqa,full,N/A,64,0.0,0.16666666666666669
64,1.5911033153533936,40.22366076572797,992.36865234375,full,5.7314934730529785,narrativeqa_48,narrativeqa,full,N/A,64,0.0,0.05882352941176471
64,1.5868685245513916,40.33100348883209,992.31591796875,full,19.102943420410156,narrativeqa_49,narrativeqa,full,N/A,64,0.0,0.1621621621621622
64,1.5878677368164062,40.30562402402403,992.34228515625,full,15.909699440002441,narrativeqa_50,narrativeqa,full,N/A,64,0.0,0.05555555555555556
64,1.5879132747650146,40.30446814513277,992.36865234375,full,13.658495903015137,narrativeqa_51,narrativeqa,full,N/A,64,0.0,0.12000000000000001
64,1.590280532836914,40.24447176362644,992.20947265625,full,7.9850873947143555,narrativeqa_52,narrativeqa,full,N/A,64,0.0,0.08333333333333333
64,1.5885579586029053,40.288111399024,992.04931640625,full,8.487126350402832,narrativeqa_53,narrativeqa,full,N/A,64,0.0,0.0
64,1.5849647521972656,40.37944686862949,992.12939453125,full,6.692692756652832,narrativeqa_54,narrativeqa,full,N/A,64,0.0,0.07692307692307693
64,1.586616039276123,40.337421541004545,992.42236328125,full,27.279869079589844,narrativeqa_55,narrativeqa,full,N/A,64,0.0,0.1777777777777778
64,1.5904078483581543,40.24125010831022,992.18212890625,full,14.251718521118164,narrativeqa_56,narrativeqa,full,N/A,64,0.0,0.05
64,1.5876412391662598,40.31137414496062,992.18212890625,full,5.704714775085449,narrativeqa_57,narrativeqa,full,N/A,64,0.0,0.12121212121212122
28,0.7257580757141113,38.580349205827766,993.0615234375,full,62.09535217285156,narrativeqa_58,narrativeqa,full,N/A,64,0.0,0.19999999999999998
64,1.5922040939331055,40.195851928696825,993.0888671875,full,9.521066665649414,narrativeqa_59,narrativeqa,full,N/A,64,0.0,0.20512820512820512
64,1.5971250534057617,40.07200304292034,993.1162109375,full,10.106447219848633,narrativeqa_60,narrativeqa,full,N/A,64,0.0,0.10526315789473684
64,1.5944058895111084,40.14034344769278,993.0888671875,full,10.228804588317871,narrativeqa_61,narrativeqa,full,N/A,64,0.0,0.18604651162790695
35,0.8951461315155029,39.09976122082346,993.0615234375,full,22.465667724609375,narrativeqa_62,narrativeqa,full,N/A,64,0.0,0.2608695652173913
64,1.5932643413543701,40.16910335518848,993.1435546875,full,4.605776786804199,narrativeqa_63,narrativeqa,full,N/A,64,0.0,0.14634146341463414
33,0.8489611148834229,38.87103828604856,993.0615234375,full,61.28264236450195,narrativeqa_64,narrativeqa,full,N/A,64,0.0,0.17391304347826084
64,1.596177339553833,40.09579538191503,992.6376953125,full,12.761094093322754,narrativeqa_65,narrativeqa,full,N/A,64,0.0,0.2285714285714286
64,1.591139793395996,40.22273860890861,993.0888671875,full,11.643570899963379,narrativeqa_66,narrativeqa,full,N/A,64,0.0,0.12121212121212122
14,0.390047550201416,35.893059686621704,993.0615234375,full,156.23287963867188,narrativeqa_67,narrativeqa,full,N/A,64,0.0,0.2222222222222222
28,0.7281560897827148,38.45329372766123,993.0615234375,full,62.09535217285156,narrativeqa_68,narrativeqa,full,N/A,64,0.0,0.19999999999999998
16,0.43894004821777344,36.451447219192545,993.2822265625,full,196.72474670410156,narrativeqa_69,narrativeqa,full,N/A,64,0.0,0.19999999999999998
64,1.5936248302459717,40.16001682787647,993.1162109375,full,8.059504508972168,narrativeqa_70,narrativeqa,full,N/A,64,0.0,0.06666666666666667
19,0.5116934776306152,37.13160481931303,993.3369140625,full,111.82234191894531,narrativeqa_71,narrativeqa,full,N/A,64,0.0,0.3636363636363636
21,0.5599770545959473,37.50153658555278,993.2822265625,full,71.97769165039062,narrativeqa_72,narrativeqa,full,N/A,64,0.0,0.25
64,1.593430519104004,40.16491414761379,993.2265625,full,9.466712951660156,narrativeqa_73,narrativeqa,full,N/A,64,0.0,0.13333333333333333
64,1.5978879928588867,40.0528699671204,993.880859375,full,6.001552581787109,narrativeqa_74,narrativeqa,full,N/A,64,0.0,0.10909090909090909
44,1.1129555702209473,39.53437241997449,993.19921875,full,94.05107879638672,narrativeqa_75,narrativeqa,full,N/A,64,0.0,0.09523809523809523
42,1.0648529529571533,39.44206557662611,993.25390625,full,21.15279197692871,narrativeqa_76,narrativeqa,full,N/A,64,0.0,0.42105263157894735
64,1.5925955772399902,40.18597119986587,992.6904296875,full,15.319755554199219,narrativeqa_77,narrativeqa,full,N/A,64,0.0,0.18604651162790695
64,1.5978169441223145,40.05465096325874,993.0615234375,full,16.531553268432617,narrativeqa_78,narrativeqa,full,N/A,64,0.0,0.16666666666666669
64,1.5935723781585693,40.16133868607482,992.6904296875,full,59.75312042236328,narrativeqa_79,narrativeqa,full,N/A,64,0.0,0.2
20,0.5353901386260986,37.35593646032288,993.0615234375,full,67.04408264160156,narrativeqa_80,narrativeqa,full,N/A,64,0.0,0.3636363636363636
64,1.592949390411377,40.17704541352195,993.1162109375,full,8.059504508972168,narrativeqa_81,narrativeqa,full,N/A,64,0.0,0.06666666666666667
64,1.5968215465545654,40.079619502938016,993.0888671875,full,11.786684036254883,narrativeqa_82,narrativeqa,full,N/A,64,0.0,0.0625
64,1.5923428535461426,40.19234919004547,993.1435546875,full,8.039054870605469,narrativeqa_83,narrativeqa,full,N/A,64,0.0,0.0689655172413793
64,1.5935866832733154,40.160978170663704,992.6376953125,full,10.630584716796875,narrativeqa_84,narrativeqa,full,N/A,64,0.0,0.1111111111111111
52,1.3104205131530762,39.681918497200485,993.1162109375,full,43.927738189697266,narrativeqa_85,narrativeqa,full,N/A,64,0.0,0.2857142857142857
64,1.5935382843017578,40.1621979405678,993.1162109375,full,8.595304489135742,narrativeqa_86,narrativeqa,full,N/A,64,0.0,0.2641509433962264
33,0.8478114604949951,38.92374842483603,993.0888671875,full,21.35619354248047,narrativeqa_87,narrativeqa,full,N/A,64,0.0,0.3846153846153846
64,1.6531987190246582,38.712829415787496,1010.37939453125,full,5.48112154006958,narrativeqa_88,narrativeqa,full,N/A,64,0.0,0.25
64,1.6541080474853516,38.69154744594565,1010.61083984375,full,13.01620101928711,narrativeqa_89,narrativeqa,full,N/A,64,0.0,0.13043478260869565
22,0.6407642364501953,34.33400110137076,1011.97021484375,full,56.8702278137207,narrativeqa_90,narrativeqa,full,N/A,64,0.0,0.2857142857142857
6,0.25595688819885254,23.441447668087793,1010.37939453125,full,8128.486328125,narrativeqa_91,narrativeqa,full,N/A,64,1.0,1.0
26,0.7430081367492676,34.992887310430426,1012.11376953125,full,117.18505859375,narrativeqa_92,narrativeqa,full,N/A,64,0.0,0.7096774193548387
64,1.63863205909729,39.05696806350604,1010.2607421875,full,6.216007232666016,narrativeqa_93,narrativeqa,full,N/A,64,0.0,0.15789473684210528
34,0.9311535358428955,36.513849425726164,1010.55322265625,full,30.993406295776367,narrativeqa_94,narrativeqa,full,N/A,64,0.0,0.0
63,1.623283863067627,38.81021762943219,1010.029296875,full,7.1053338050842285,narrativeqa_95,narrativeqa,full,N/A,64,0.0,0.23255813953488372
17,0.5057346820831299,33.61446347712739,1010.087890625,full,110.75402069091797,narrativeqa_96,narrativeqa,full,N/A,64,0.0,0.4
29,0.7940387725830078,36.52214602274775,1010.2607421875,full,19.553956985473633,narrativeqa_97,narrativeqa,full,N/A,64,0.0,0.7333333333333334
64,1.6355829238891602,39.129780010063946,1010.1455078125,full,10.286962509155273,narrativeqa_98,narrativeqa,full,N/A,64,0.0,0.3478260869565218
64,1.6353685855865479,39.13490852402885,1010.1455078125,full,8.546677589416504,narrativeqa_99,narrativeqa,full,N/A,64,0.0,0.2857142857142857
64,1.979719877243042,32.32780593642693,1017.09375,full,10.578577041625977,narrativeqa_0,narrativeqa,full,N/A,64,0.0,0.30434782608695654
64,1.6657226085662842,38.42176342619609,1017.267578125,full,8.591432571411133,narrativeqa_1,narrativeqa,full,N/A,64,0.0,0.1276595744680851
64,1.6512234210968018,38.75914015166337,1017.4990234375,full,14.184416770935059,narrativeqa_2,narrativeqa,full,N/A,64,0.0,0.1754385964912281
64,1.649312973022461,38.80403601186518,1017.09375,full,6.804428577423096,narrativeqa_3,narrativeqa,full,N/A,64,0.0,0.05882352941176471
64,1.6502623558044434,38.78171235918565,1017.4404296875,full,11.446097373962402,narrativeqa_4,narrativeqa,full,N/A,64,0.0,0.22727272727272727
64,1.6486320495605469,38.82006298316207,1017.3251953125,full,20.470460891723633,narrativeqa_5,narrativeqa,full,N/A,64,0.0,0.33333333333333337
28,0.7869431972503662,35.58071293815606,1017.3251953125,full,15.38436222076416,narrativeqa_6,narrativeqa,full,N/A,64,0.0,0.6666666666666667
64,1.6476218700408936,38.84386409511033,1017.0478515625,full,12.468729972839355,narrativeqa_7,narrativeqa,full,N/A,64,0.0,0.16666666666666669
48,1.2611157894134521,38.06153281319625,1017.208984375,full,18.17283058166504,narrativeqa_8,narrativeqa,full,N/A,64,0.0,0.2162162162162162
15,0.47570037841796875,31.532453368831295,1017.267578125,full,162.27169799804688,narrativeqa_9,narrativeqa,full,N/A,64,0.0,0.14285714285714285
26,0.7385022640228271,35.20639172907984,1017.3251953125,full,23.929664611816406,narrativeqa_10,narrativeqa,full,N/A,64,0.0,0.4444444444444445
21,0.6177418231964111,33.99478424714502,1017.556640625,full,25.645488739013672,narrativeqa_11,narrativeqa,full,N/A,64,0.0,0.33333333333333337
64,1.646202802658081,38.87734846317893,1017.3828125,full,12.801258087158203,narrativeqa_12,narrativeqa,full,N/A,64,0.0,0.0
60,1.548600196838379,38.744667682786016,1017.267578125,full,9.014365196228027,narrativeqa_13,narrativeqa,full,N/A,64,0.0,0.1111111111111111
20,0.5964803695678711,33.53002214387926,1017.4404296875,full,42.900001525878906,narrativeqa_14,narrativeqa,full,N/A,64,0.0,0.17391304347826086
15,0.4757075309753418,31.53197925886425,1017.556640625,full,57.62211608886719,narrativeqa_15,narrativeqa,full,N/A,64,0.0,0.19999999999999998
64,1.6432576179504395,38.94702772157192,1017.267578125,full,23.284137725830078,narrativeqa_16,narrativeqa,full,N/A,64,0.0,0.1904761904761905
64,1.6434352397918701,38.94281834196592,1017.4404296875,full,24.06918716430664,narrativeqa_17,narrativeqa,full,N/A,64,0.0,0.0
14,0.451610803604126,31.000144124701126,1017.4404296875,full,97.08369445800781,narrativeqa_18,narrativeqa,full,N/A,64,0.0,0.25
18,0.545635461807251,32.98905818984069,1017.208984375,full,24.62432861328125,narrativeqa_19,narrativeqa,full,N/A,64,0.0,0.33333333333333337
17,0.5237729549407959,32.45681137148743,1017.267578125,full,37.38856887817383,narrativeqa_20,narrativeqa,full,N/A,64,0.0,0.42857142857142855
24,0.6902985572814941,34.7675650583942,1017.4990234375,full,31.294208526611328,narrativeqa_21,narrativeqa,full,N/A,64,0.0,0.38095238095238093
28,0.7877376079559326,35.5448308132146,1017.79052734375,full,30.517438888549805,narrativeqa_22,narrativeqa,full,N/A,64,0.0,0.0
36,0.9755253791809082,36.9031916219618,1017.3828125,full,28.77814483642578,narrativeqa_23,narrativeqa,full,N/A,64,0.0,0.2
45,1.1893110275268555,37.83703249903976,1017.208984375,full,16.962038040161133,narrativeqa_24,narrativeqa,full,N/A,64,0.0,0.1739130434782609
64,1.6469683647155762,38.859277063923756,1017.208984375,full,23.380205154418945,narrativeqa_25,narrativeqa,full,N/A,64,0.0,0.18604651162790695
64,1.6437089443206787,38.93633372327379,1017.3828125,full,23.533700942993164,narrativeqa_26,narrativeqa,full,N/A,64,0.0,0.1
51,1.3355565071105957,38.18632886626096,1017.556640625,full,7.503246784210205,narrativeqa_27,narrativeqa,full,N/A,64,0.0,0.0625
64,1.6441779136657715,38.9252279014678,1017.556640625,full,10.02595043182373,narrativeqa_28,narrativeqa,full,N/A,64,0.0,0.0
64,1.5729453563690186,40.68799958044148,992.18212890625,full,21.86858367919922,narrativeqa_29,narrativeqa,full,N/A,64,0.0,0.05714285714285715
64,1.573164939880371,40.682320319741414,992.12939453125,full,8.275712966918945,narrativeqa_30,narrativeqa,full,N/A,64,0.0,0.06666666666666667
64,1.5719127655029297,40.71472756283861,992.12939453125,full,12.261710166931152,narrativeqa_31,narrativeqa,full,N/A,64,0.0,0.0689655172413793
64,1.5708484649658203,40.74231310490701,992.44873046875,full,19.20374870300293,narrativeqa_32,narrativeqa,full,N/A,64,0.0,0.0
64,1.5721561908721924,40.708423483352774,992.15576171875,full,13.974432945251465,narrativeqa_33,narrativeqa,full,N/A,64,0.0,0.08695652173913045
64,1.5730910301208496,40.68423172884237,992.23583984375,full,9.847039222717285,narrativeqa_34,narrativeqa,full,N/A,64,0.0,0.0
64,1.570965051651001,40.7392894786166,992.18212890625,full,10.566356658935547,narrativeqa_35,narrativeqa,full,N/A,64,0.0,0.09523809523809523
10,0.28473496437072754,35.1203794802661,992.10302734375,full,205.15420532226562,narrativeqa_36,narrativeqa,full,N/A,64,0.0,0.5
64,1.5734996795654297,40.67366573450817,992.15576171875,full,17.814861297607422,narrativeqa_37,narrativeqa,full,N/A,64,0.0,0.0
64,1.571479082107544,40.72596366613308,992.07568359375,full,4.894299507141113,narrativeqa_38,narrativeqa,full,N/A,64,0.0,0.0909090909090909
64,1.5718824863433838,40.71551185030441,992.36865234375,full,8.934309959411621,narrativeqa_39,narrativeqa,full,N/A,64,0.0,0.11538461538461539
64,1.5751163959503174,40.63191784718029,992.12939453125,full,9.607659339904785,narrativeqa_40,narrativeqa,full,N/A,64,0.0,0.10256410256410256
64,1.5729286670684814,40.68843129375911,992.42236328125,full,16.672624588012695,narrativeqa_41,narrativeqa,full,N/A,64,0.0,0.09523809523809523
64,1.5710101127624512,40.73812095802676,992.12939453125,full,10.324836730957031,narrativeqa_42,narrativeqa,full,N/A,64,0.0,0.0588235294117647
64,1.5724713802337646,40.70026380415631,992.23583984375,full,9.150285720825195,narrativeqa_43,narrativeqa,full,N/A,64,0.0,0.0
64,1.5743801593780518,40.65091878779949,992.31591796875,full,4.555775165557861,narrativeqa_44,narrativeqa,full,N/A,64,0.0,0.0784313725490196
64,1.56925630569458,40.78365004349783,992.34228515625,full,20.384033203125,narrativeqa_45,narrativeqa,full,N/A,64,0.0,0.24489795918367344
64,1.5698153972625732,40.76912489940059,992.15576171875,full,4.872226238250732,narrativeqa_46,narrativeqa,full,N/A,64,0.0,0.08333333333333333
23,0.5941421985626221,38.71127157041315,992.23583984375,full,88.26678466796875,narrativeqa_47,narrativeqa,full,N/A,64,0.0,0.16666666666666669
64,1.5733091831207275,40.67859050631942,992.36865234375,full,5.7314934730529785,narrativeqa_48,narrativeqa,full,N/A,64,0.0,0.05882352941176471
64,1.570495843887329,40.751460915417425,992.31591796875,full,19.102943420410156,narrativeqa_49,narrativeqa,full,N/A,64,0.0,0.1621621621621622
64,1.5713348388671875,40.72970217228755,992.34228515625,full,15.909699440002441,narrativeqa_50,narrativeqa,full,N/A,64,0.0,0.05555555555555556
64,1.5743491649627686,40.651719087686324,992.36865234375,full,13.658495903015137,narrativeqa_51,narrativeqa,full,N/A,64,0.0,0.12000000000000001
64,1.5765888690948486,40.593969204377096,992.20947265625,full,7.9850873947143555,narrativeqa_52,narrativeqa,full,N/A,64,0.0,0.08333333333333333
64,1.57139253616333,40.72820668746505,992.04931640625,full,8.487126350402832,narrativeqa_53,narrativeqa,full,N/A,64,0.0,0.0
64,1.5710430145263672,40.737267794856976,992.12939453125,full,6.692692756652832,narrativeqa_54,narrativeqa,full,N/A,64,0.0,0.07692307692307693
64,1.5728702545166016,40.689942362518295,992.42236328125,full,27.279869079589844,narrativeqa_55,narrativeqa,full,N/A,64,0.0,0.1777777777777778
64,1.5683553218841553,40.80707930592739,992.18212890625,full,14.251718521118164,narrativeqa_56,narrativeqa,full,N/A,64,0.0,0.05
64,1.5686542987823486,40.799301700622834,992.18212890625,full,5.704714775085449,narrativeqa_57,narrativeqa,full,N/A,64,0.0,0.12121212121212122
28,0.7202053070068359,38.87780293700923,993.0615234375,full,62.09535217285156,narrativeqa_58,narrativeqa,full,N/A,64,0.0,0.19999999999999998
64,1.5777292251586914,40.56462856835446,993.0888671875,full,9.521066665649414,narrativeqa_59,narrativeqa,full,N/A,64,0.0,0.20512820512820512
64,1.5761041641235352,40.60645321344616,993.1162109375,full,10.106447219848633,narrativeqa_60,narrativeqa,full,N/A,64,0.0,0.10526315789473684
64,1.575624704360962,40.61880968409731,993.0888671875,full,10.228804588317871,narrativeqa_61,narrativeqa,full,N/A,64,0.0,0.18604651162790695
35,0.8869760036468506,39.459917580741276,993.0615234375,full,22.465667724609375,narrativeqa_62,narrativeqa,full,N/A,64,0.0,0.2608695652173913
64,1.5777525901794434,40.56402784464518,993.1435546875,full,4.605776786804199,narrativeqa_63,narrativeqa,full,N/A,64,0.0,0.14634146341463414
33,0.8397226333618164,39.29869064965537,993.0615234375,full,61.28264236450195,narrativeqa_64,narrativeqa,full,N/A,64,0.0,0.17391304347826084
64,1.5749316215515137,40.636684872040114,992.6376953125,full,12.761094093322754,narrativeqa_65,narrativeqa,full,N/A,64,0.0,0.2285714285714286
64,1.577305793762207,40.57551823692126,993.0888671875,full,11.643570899963379,narrativeqa_66,narrativeqa,full,N/A,64,0.0,0.12121212121212122
14,0.3875095844268799,36.12813866450752,993.0615234375,full,156.23287963867188,narrativeqa_67,narrativeqa,full,N/A,64,0.0,0.2222222222222222
28,0.7211334705352783,38.82776371372187,993.0615234375,full,62.09535217285156,narrativeqa_68,narrativeqa,full,N/A,64,0.0,0.19999999999999998
16,0.4355661869049072,36.733797252937634,993.2822265625,full,196.72474670410156,narrativeqa_69,narrativeqa,full,N/A,64,0.0,0.19999999999999998
64,1.577824354171753,40.56218287592316,993.1162109375,full,8.059504508972168,narrativeqa_70,narrativeqa,full,N/A,64,0.0,0.06666666666666667
19,0.506683349609375,37.49876528338252,993.3369140625,full,111.82234191894531,narrativeqa_71,narrativeqa,full,N/A,64,0.0,0.3636363636363636
21,0.5548262596130371,37.84968652104971,993.2822265625,full,71.97769165039062,narrativeqa_72,narrativeqa,full,N/A,64,0.0,0.25
64,1.5748417377471924,40.63900420340133,993.2265625,full,9.466712951660156,narrativeqa_73,narrativeqa,full,N/A,64,0.0,0.13333333333333333
64,1.5792486667633057,40.52560014577627,993.880859375,full,6.001552581787109,narrativeqa_74,narrativeqa,full,N/A,64,0.0,0.10909090909090909
44,1.1024200916290283,39.91218985766298,993.19921875,full,94.05107879638672,narrativeqa_75,narrativeqa,full,N/A,64,0.0,0.09523809523809523
64,1.6737792491912842,38.23682246683529,0.026152800768613815,2159.11376953125,full,10.578577041625977,narrativeqa_0,narrativeqa,full,N/A,64,0.0,0.30434782608695654
64,1.2764008045196533,50.140990019263626,0.019943762570619583,2159.31103515625,full,8.591432571411133,narrativeqa_1,narrativeqa,full,N/A,64,0.0,0.1276595744680851
64,1.2764294147491455,50.1398661457342,0.0199442096054554,2159.57373046875,full,14.184416770935059,narrativeqa_2,narrativeqa,full,N/A,64,0.0,0.1754385964912281
64,1.278791904449463,50.047235814769145,0.019981123507022858,2159.11376953125,full,6.804428577423096,narrativeqa_3,narrativeqa,full,N/A,64,0.0,0.05882352941176471
64,1.274810552597046,50.20353798422762,0.019918914884328842,2159.50732421875,full,11.446097373962402,narrativeqa_4,narrativeqa,full,N/A,64,0.0,0.22727272727272727
64,1.2777128219604492,50.08950282098764,0.01996426284313202,2159.37646484375,full,20.470460891723633,narrativeqa_5,narrativeqa,full,N/A,64,0.0,0.33333333333333337
28,0.6318538188934326,44.314047272890555,0.022566207817622592,2159.37646484375,full,15.38436222076416,narrativeqa_6,narrativeqa,full,N/A,64,0.0,0.6666666666666667
64,1.2731602191925049,50.26861429945688,0.01989312842488289,2159.04833984375,full,12.468729972839355,narrativeqa_7,narrativeqa,full,N/A,64,0.0,0.16666666666666669
48,0.9909708499908447,48.437348081876934,0.020645226041475933,2159.24462890625,full,18.17283058166504,narrativeqa_8,narrativeqa,full,N/A,64,0.0,0.2162162162162162
15,0.4010956287384033,37.39756538155413,0.02673970858256022,2159.31103515625,full,162.27169799804688,narrativeqa_9,narrativeqa,full,N/A,64,0.0,0.14285714285714285
26,0.5935168266296387,43.80667713777271,0.022827570254986104,2159.37646484375,full,23.929664611816406,narrativeqa_10,narrativeqa,full,N/A,64,0.0,0.4444444444444445
21,0.5073199272155762,41.39399789647222,0.024158091772170293,2159.63916015625,full,25.645488739013672,narrativeqa_11,narrativeqa,full,N/A,64,0.0,0.33333333333333337
64,1.2748627662658691,50.201481832792794,0.019919730722904205,2159.44189453125,full,12.801258087158203,narrativeqa_12,narrativeqa,full,N/A,64,0.0,0.0
60,1.203784465789795,49.84280965997879,0.020063074429829915,2159.31103515625,full,9.014365196228027,narrativeqa_13,narrativeqa,full,N/A,64,0.0,0.1111111111111111
20,0.4885869026184082,40.9343760399984,0.02442934513092041,2159.50732421875,full,42.900001525878906,narrativeqa_14,narrativeqa,full,N/A,64,0.0,0.17391304347826086
15,0.39740419387817383,37.7449464073807,0.026493612925211588,2159.63916015625,full,57.62211608886719,narrativeqa_15,narrativeqa,full,N/A,64,0.0,0.19999999999999998
64,1.2772245407104492,50.108651971563546,0.01995663344860077,2159.31103515625,full,23.284137725830078,narrativeqa_16,narrativeqa,full,N/A,64,0.0,0.1904761904761905
64,1.2774958610534668,50.09800966965436,0.01996087282896042,2159.50732421875,full,24.06918716430664,narrativeqa_17,narrativeqa,full,N/A,64,0.0,0.0
14,0.3824748992919922,36.60370922618899,0.027319635663713728,2159.50732421875,full,97.08369445800781,narrativeqa_18,narrativeqa,full,N/A,64,0.0,0.25
18,0.45055556297302246,39.950677517387064,0.02503086460961236,2159.24462890625,full,24.62432861328125,narrativeqa_19,narrativeqa,full,N/A,64,0.0,0.33333333333333337
17,0.4334547519683838,39.21977997195883,0.025497338351081398,2159.31103515625,full,37.38856887817383,narrativeqa_20,narrativeqa,full,N/A,64,0.0,0.42857142857142855
24,0.5568971633911133,43.09592789781299,0.02320404847462972,2159.57373046875,full,31.294208526611328,narrativeqa_21,narrativeqa,full,N/A,64,0.0,0.38095238095238093
28,0.6341609954833984,44.15282585876571,0.022648606981549944,2159.912109375,full,30.517438888549805,narrativeqa_22,narrativeqa,full,N/A,64,0.0,0.0
36,0.7748816013336182,46.45871051531204,0.021524488925933838,2159.44189453125,full,28.77814483642578,narrativeqa_23,narrativeqa,full,N/A,64,0.0,0.2
45,0.936638355255127,48.0441567949058,0.020814185672336154,2159.24462890625,full,16.962038040161133,narrativeqa_24,narrativeqa,full,N/A,64,0.0,0.1739130434782609
64,1.277364730834961,50.10315257269224,0.019958823919296265,2159.24462890625,full,23.380205154418945,narrativeqa_25,narrativeqa,full,N/A,64,0.0,0.18604651162790695
64,1.2822840213775635,49.91093933405215,0.02003568783402443,2159.44189453125,full,23.533700942993164,narrativeqa_26,narrativeqa,full,N/A,64,0.0,0.1
51,1.0457384586334229,48.769364441896016,0.020504675659478878,2159.63916015625,full,7.503246784210205,narrativeqa_27,narrativeqa,full,N/A,64,0.0,0.0625
64,1.2805652618408203,49.97792920604422,0.020008832216262817,2159.63916015625,full,10.02595043182373,narrativeqa_28,narrativeqa,full,N/A,64,0.0,0.0
64,1.1993727684020996,53.36122487195196,0.018740199506282806,2127.7958984375,full,21.86858367919922,narrativeqa_29,narrativeqa,full,N/A,64,0.0,0.05714285714285715
64,1.1978199481964111,53.430400868149235,0.018715936690568924,2127.6748046875,full,8.275712966918945,narrativeqa_30,narrativeqa,full,N/A,64,0.0,0.06666666666666667
64,1.1993958950042725,53.36019596746412,0.018740560859441757,2127.6748046875,full,12.261710166931152,narrativeqa_31,narrativeqa,full,N/A,64,0.0,0.0689655172413793
64,1.1999173164367676,53.33700841158969,0.018748708069324493,2128.404296875,full,19.20374870300293,narrativeqa_32,narrativeqa,full,N/A,64,0.0,0.0
64,1.1965508460998535,53.487070949477335,0.01869610697031021,2127.7353515625,full,13.974432945251465,narrativeqa_33,narrativeqa,full,N/A,64,0.0,0.08695652173913045
64,1.197737693786621,53.43407019083237,0.018714651465415955,2127.91796875,full,9.847039222717285,narrativeqa_34,narrativeqa,full,N/A,64,0.0,0.0
64,1.197742223739624,53.43386809907847,0.018714722245931625,2127.7958984375,full,10.566356658935547,narrativeqa_35,narrativeqa,full,N/A,64,0.0,0.09523809523809523
10,0.23253560066223145,43.00416784148874,0.023253560066223145,2127.6142578125,full,205.15420532226562,narrativeqa_36,narrativeqa,full,N/A,64,0.0,0.5
64,1.199195384979248,53.36911799498587,0.01873742789030075,2127.7353515625,full,17.814861297607422,narrativeqa_37,narrativeqa,full,N/A,64,0.0,0.0
64,1.2001185417175293,53.328065332952434,0.018751852214336395,2127.552734375,full,4.894299507141113,narrativeqa_38,narrativeqa,full,N/A,64,0.0,0.0909090909090909
64,1.197058916091919,53.46436933024407,0.018704045563936234,2128.2216796875,full,8.934309959411621,narrativeqa_39,narrativeqa,full,N/A,64,0.0,0.11538461538461539
64,1.1965558528900146,53.486847141671014,0.01869618520140648,2127.6748046875,full,9.607659339904785,narrativeqa_40,narrativeqa,full,N/A,64,0.0,0.10256410256410256
64,1.1977629661560059,53.43294275109867,0.01871504634618759,2128.34375,full,16.672624588012695,narrativeqa_41,narrativeqa,full,N/A,64,0.0,0.09523809523809523
64,1.2005021572113037,53.311024570474956,0.01875784620642662,2127.6748046875,full,10.324836730957031,narrativeqa_42,narrativeqa,full,N/A,64,0.0,0.0588235294117647
64,1.1995162963867188,53.35483994072114,0.01874244213104248,2127.91796875,full,9.150285720825195,narrativeqa_43,narrativeqa,full,N/A,64,0.0,0.0
64,1.202744960784912,53.211613506352634,0.01879289001226425,2128.1005859375,full,4.555775165557861,narrativeqa_44,narrativeqa,full,N/A,64,0.0,0.0784313725490196
64,1.2028813362121582,53.20558069471285,0.018795020878314972,2128.1611328125,full,20.384033203125,narrativeqa_45,narrativeqa,full,N/A,64,0.0,0.24489795918367344
64,1.1999447345733643,53.33578968764337,0.018749136477708817,2127.7353515625,full,4.872226238250732,narrativeqa_46,narrativeqa,full,N/A,64,0.0,0.08333333333333333
23,0.4655017852783203,49.409047886354415,0.020239208055579144,2127.91796875,full,88.26678466796875,narrativeqa_47,narrativeqa,full,N/A,64,0.0,0.16666666666666669
64,1.2006940841674805,53.302502980495134,0.018760845065116882,2128.2216796875,full,5.7314934730529785,narrativeqa_48,narrativeqa,full,N/A,64,0.0,0.05882352941176471
64,1.199556589126587,53.35304776792502,0.01874307170510292,2128.1005859375,full,19.102943420410156,narrativeqa_49,narrativeqa,full,N/A,64,0.0,0.1621621621621622
64,1.2024519443511963,53.224580242607786,0.018788311630487442,2128.1611328125,full,15.909699440002441,narrativeqa_50,narrativeqa,full,N/A,64,0.0,0.05555555555555556
64,1.2001464366912842,53.3268258300573,0.018752288073301315,2128.2216796875,full,13.658495903015137,narrativeqa_51,narrativeqa,full,N/A,64,0.0,0.12000000000000001
64,1.2024781703948975,53.223419414742644,0.018788721412420273,2127.857421875,full,7.9850873947143555,narrativeqa_52,narrativeqa,full,N/A,64,0.0,0.08333333333333333
64,1.198096752166748,53.41805650024218,0.018720261752605438,2127.4921875,full,8.487126350402832,narrativeqa_53,narrativeqa,full,N/A,64,0.0,0.0
64,1.2007181644439697,53.301434004404534,0.018761221319437027,2127.6748046875,full,6.692692756652832,narrativeqa_54,narrativeqa,full,N/A,64,0.0,0.07692307692307693
64,1.202305793762207,53.23105014717909,0.018786028027534485,2128.34375,full,27.279869079589844,narrativeqa_55,narrativeqa,full,N/A,64,0.0,0.1777777777777778
64,1.1990158557891846,53.37710897732508,0.01873462274670601,2127.7958984375,full,14.251718521118164,narrativeqa_56,narrativeqa,full,N/A,64,0.0,0.05
64,1.2006151676177979,53.30600655910893,0.01875961199402809,2127.7958984375,full,5.704714775085449,narrativeqa_57,narrativeqa,full,N/A,64,0.0,0.12121212121212122
28,0.5636565685272217,49.67563861299657,0.02013059173311506,2129.85400390625,full,62.09535217285156,narrativeqa_58,narrativeqa,full,N/A,64,0.0,0.19999999999999998
64,1.2100601196289062,52.88993411304814,0.01890718936920166,2129.90771484375,full,9.521066665649414,narrativeqa_59,narrativeqa,full,N/A,64,0.0,0.20512820512820512
64,1.208608865737915,52.95344243642037,0.018884513527154922,2129.96142578125,full,10.106447219848633,narrativeqa_60,narrativeqa,full,N/A,64,0.0,0.10526315789473684
64,1.2063848972320557,53.051062017472525,0.01884976401925087,2129.90771484375,full,10.228804588317871,narrativeqa_61,narrativeqa,full,N/A,64,0.0,0.18604651162790695
35,0.689366340637207,50.77126331356445,0.01969618116106306,2129.85400390625,full,22.465667724609375,narrativeqa_62,narrativeqa,full,N/A,64,0.0,0.2608695652173913
64,1.2060737609863281,53.0647478373634,0.018844902515411377,2130.01513671875,full,4.605776786804199,narrativeqa_63,narrativeqa,full,N/A,64,0.0,0.14634146341463414
33,0.6554899215698242,50.34402347631636,0.01986333095666134,2129.85400390625,full,61.28264236450195,narrativeqa_64,narrativeqa,full,N/A,64,0.0,0.17391304347826084
64,1.2058875560760498,53.07294173285574,0.018841993063688278,2129.32470703125,full,12.761094093322754,narrativeqa_65,narrativeqa,full,N/A,64,0.0,0.2285714285714286
64,1.2070763111114502,53.02067434416815,0.01886056736111641,2129.90771484375,full,11.643570899963379,narrativeqa_66,narrativeqa,full,N/A,64,0.0,0.12121212121212122
14,0.3130686283111572,44.71862950792206,0.022362044879368374,2129.85400390625,full,156.23287963867188,narrativeqa_67,narrativeqa,full,N/A,64,0.0,0.2222222222222222
28,0.5621185302734375,49.81155840277966,0.02007566179547991,2129.85400390625,full,62.09535217285156,narrativeqa_68,narrativeqa,full,N/A,64,0.0,0.19999999999999998
16,0.3491840362548828,45.82110961201269,0.021824002265930176,2130.28564453125,full,196.72474670410156,narrativeqa_69,narrativeqa,full,N/A,64,0.0,0.19999999999999998
64,1.204383373260498,53.13922578218567,0.018818490207195282,2129.96142578125,full,8.059504508972168,narrativeqa_70,narrativeqa,full,N/A,64,0.0,0.06666666666666667
19,0.402163028717041,47.24452185625512,0.02116647519563374,2130.39306640625,full,111.82234191894531,narrativeqa_71,narrativeqa,full,N/A,64,0.0,0.3636363636363636
21,0.43627071380615234,48.13525028253651,0.020774795895531065,2130.28564453125,full,71.97769165039062,narrativeqa_72,narrativeqa,full,N/A,64,0.0,0.25
64,1.2067713737487793,53.03407206386324,0.018855802714824677,2130.17724609375,full,9.466712951660156,narrativeqa_73,narrativeqa,full,N/A,64,0.0,0.13333333333333333
64,1.2135632038116455,52.737261478416826,0.01896192505955696,2131.93212890625,full,6.001552581787109,narrativeqa_74,narrativeqa,full,N/A,64,0.0,0.10909090909090909
44,0.8505635261535645,51.730410071752885,0.01933098923076283,2130.12353515625,full,94.05107879638672,narrativeqa_75,narrativeqa,full,N/A,64,0.0,0.09523809523809523
42,0.8137702941894531,51.61161607875307,0.01937548319498698,2130.23095703125,full,21.15279197692871,narrativeqa_76,narrativeqa,full,N/A,64,0.0,0.42105263157894735
64,1.20711088180542,53.01915587429562,0.018861107528209686,2129.43017578125,full,15.319755554199219,narrativeqa_77,narrativeqa,full,N/A,64,0.0,0.18604651162790695
64,1.2085471153259277,52.95614807929116,0.01888354867696762,2129.85400390625,full,16.531553268432617,narrativeqa_78,narrativeqa,full,N/A,64,0.0,0.16666666666666669
64,1.2068703174591064,53.029724133693904,0.018857348710298538,2129.43017578125,full,59.75312042236328,narrativeqa_79,narrativeqa,full,N/A,64,0.0,0.2
20,0.4216945171356201,47.42769750920866,0.021084725856781006,2129.85400390625,full,67.04408264160156,narrativeqa_80,narrativeqa,full,N/A,64,0.0,0.3636363636363636
64,1.2092857360839844,52.923802944414476,0.018895089626312256,2129.96142578125,full,8.059504508972168,narrativeqa_81,narrativeqa,full,N/A,64,0.0,0.06666666666666667
64,1.2079873085021973,52.980689076406456,0.018874801695346832,2129.90771484375,full,11.786684036254883,narrativeqa_82,narrativeqa,full,N/A,64,0.0,0.0625
64,1.2075538635253906,52.999706210334445,0.01886802911758423,2130.01513671875,full,8.039054870605469,narrativeqa_83,narrativeqa,full,N/A,64,0.0,0.0689655172413793
64,1.2107264995574951,52.86082366528788,0.01891760155558586,2129.32470703125,full,10.630584716796875,narrativeqa_84,narrativeqa,full,N/A,64,0.0,0.1111111111111111
52,0.9945294857025146,52.28603148278535,0.019125567032740667,2129.96142578125,full,43.927738189697266,narrativeqa_85,narrativeqa,full,N/A,64,0.0,0.2857142857142857
64,1.2062253952026367,53.05807708454728,0.0188472718000412,2129.96142578125,full,8.595304489135742,narrativeqa_86,narrativeqa,full,N/A,64,0.0,0.2641509433962264
33,0.6536221504211426,50.48788505520721,0.019806731830943714,2129.90771484375,full,21.35619354248047,narrativeqa_87,narrativeqa,full,N/A,64,0.0,0.3846153846153846
64,1.2689895629882812,50.433826933367,0.019827961921691895,2151.4931640625,full,5.48112154006958,narrativeqa_88,narrativeqa,full,N/A,64,0.0,0.25
64,1.2686104774475098,50.44889754400446,0.01982203871011734,2151.755859375,full,13.01620101928711,narrativeqa_89,narrativeqa,full,N/A,64,0.0,0.13043478260869565
22,0.5198225975036621,42.322130868589284,0.023628299886530094,2153.365234375,full,56.8702278137207,narrativeqa_90,narrativeqa,full,N/A,64,0.0,0.2857142857142857
6,0.23113059997558594,25.959349392221423,0.038521766662597656,2151.4931640625,full,8128.486328125,narrativeqa_91,narrativeqa,full,N/A,64,1.0,1.0
26,0.5914106369018555,43.96268578496112,0.022746562957763672,2153.640625,full,117.18505859375,narrativeqa_92,narrativeqa,full,N/A,64,0.0,0.7096774193548387
64,1.2492091655731201,51.23241308483169,0.019518893212080002,2152.23388671875,full,6.216007232666016,narrativeqa_93,narrativeqa,full,N/A,64,0.0,0.15789473684210528
34,0.7306325435638428,46.535019962506055,0.02148919245776008,2151.6904296875,full,30.993406295776367,narrativeqa_94,narrativeqa,full,N/A,64,0.0,0.0
63,1.236396074295044,50.954545480840935,0.019625334512619746,2152.03369140625,full,7.1053338050842285,narrativeqa_95,narrativeqa,full,N/A,64,0.0,0.23255813953488372
17,0.4120337963104248,41.258751471911445,0.02423728213590734,2152.08447265625,full,110.75402069091797,narrativeqa_96,narrativeqa,full,N/A,64,0.0,0.4
29,0.6260850429534912,46.31958601533669,0.021589139412189352,2152.23388671875,full,19.553956985473633,narrativeqa_97,narrativeqa,full,N/A,64,0.0,0.7333333333333334
64,1.2529089450836182,51.08112624715014,0.019576702266931534,2152.13427734375,full,10.286962509155273,narrativeqa_98,narrativeqa,full,N/A,64,0.0,0.3478260869565218
64,1.2490205764770508,51.24014864552227,0.01951594650745392,2152.13427734375,full,8.546677589416504,narrativeqa_99,narrativeqa,full,N/A,64,0.0,0.2857142857142857
0.025935532292351127,38.55714194440955,64,2159.11962890625,10.578577041625977,narrativeqa_0,narrativeqa,full,N/A,64,0.0,0.30434782608695654
0.020013024506624788,49.96745992435957,64,2159.31689453125,8.591432571411133,narrativeqa_1,narrativeqa,full,N/A,64,0.0,0.1276595744680851
0.019970699911937118,50.073357689495325,64,2159.57958984375,14.184416770935059,narrativeqa_2,narrativeqa,full,N/A,64,0.0,0.1754385964912281
0.020002294273581356,49.99426497393255,64,2159.11962890625,6.804428577423096,narrativeqa_3,narrativeqa,full,N/A,64,0.0,0.05882352941176471
0.02006033278303221,49.849621679548505,64,2159.51318359375,11.446097373962402,narrativeqa_4,narrativeqa,full,N/A,64,0.0,0.22727272727272727
0.01992944156518206,50.177020601874794,64,2159.38232421875,20.470460891723633,narrativeqa_5,narrativeqa,full,N/A,64,0.0,0.33333333333333337
0.02257663117987769,44.29358800401051,28,2159.38232421875,15.38436222076416,narrativeqa_6,narrativeqa,full,N/A,64,0.0,0.6666666666666667
0.01994388143066317,50.14069119276489,64,2159.05419921875,12.468729972839355,narrativeqa_7,narrativeqa,full,N/A,64,0.0,0.16666666666666669
0.020726520645742614,48.247364673115435,48,2159.25048828125,18.17283058166504,narrativeqa_8,narrativeqa,full,N/A,64,0.0,0.2162162162162162
0.026718324422836302,37.42749673124316,15,2159.31689453125,162.27169799804688,narrativeqa_9,narrativeqa,full,N/A,64,0.0,0.14285714285714285
0.02289400163751382,43.67956357447851,26,2159.38232421875,23.929664611816406,narrativeqa_10,narrativeqa,full,N/A,64,0.0,0.4444444444444445
0.024164681101129168,41.38271040346036,21,2159.64501953125,25.645488739013672,narrativeqa_11,narrativeqa,full,N/A,64,0.0,0.33333333333333337
0.019911305338609964,50.22272437663353,64,2159.44775390625,12.801258087158203,narrativeqa_12,narrativeqa,full,N/A,64,0.0,0.0
0.020129461089769998,49.67842882332356,60,2159.31689453125,9.014365196228027,narrativeqa_13,narrativeqa,full,N/A,64,0.0,0.1111111111111111
0.02439019810408354,41.00007698718014,20,2159.51318359375,42.900001525878906,narrativeqa_14,narrativeqa,full,N/A,64,0.0,0.17391304347826086
0.026518574605385464,37.70941745100121,15,2159.64501953125,57.62211608886719,narrativeqa_15,narrativeqa,full,N/A,64,0.0,0.19999999999999998
0.020035649766214192,49.91103416502541,64,2159.31689453125,23.284137725830078,narrativeqa_16,narrativeqa,full,N/A,64,0.0,0.1904761904761905
0.020043346914462745,49.89186707527507,64,2159.51318359375,24.06918716430664,narrativeqa_17,narrativeqa,full,N/A,64,0.0,0.0
0.02726308655525957,36.679632659093805,14,2159.51318359375,97.08369445800781,narrativeqa_18,narrativeqa,full,N/A,64,0.0,0.25
0.02502587665286329,39.95864016558184,18,2159.25048828125,24.62432861328125,narrativeqa_19,narrativeqa,full,N/A,64,0.0,0.33333333333333337
0.02545583774061764,39.28371991483855,17,2159.31689453125,37.38856887817383,narrativeqa_20,narrativeqa,full,N/A,64,0.0,0.42857142857142855
0.02324922475963831,43.01218687240035,24,2159.57958984375,31.294208526611328,narrativeqa_21,narrativeqa,full,N/A,64,0.0,0.38095238095238093
0.022742080901350294,43.97135004214262,28,2159.91845703125,30.517438888549805,narrativeqa_22,narrativeqa,full,N/A,64,0.0,0.0
0.02154859672817919,46.40673416530626,36,2159.44775390625,28.77814483642578,narrativeqa_23,narrativeqa,full,N/A,64,0.0,0.2
0.02084466964006424,47.97389535394518,45,2159.25048828125,16.962038040161133,narrativeqa_24,narrativeqa,full,N/A,64,0.0,0.1739130434782609
0.019895214354619384,50.263343846195575,64,2159.25048828125,23.380205154418945,narrativeqa_25,narrativeqa,full,N/A,64,0.0,0.18604651162790695
0.019950817164499313,50.12326020306628,64,2159.44775390625,23.533700942993164,narrativeqa_26,narrativeqa,full,N/A,64,0.0,0.1
0.02046347635925985,48.86755224009111,51,2159.64501953125,7.503246784210205,narrativeqa_27,narrativeqa,full,N/A,64,0.0,0.0625
0.020023949386086315,49.940198145669115,64,2159.64501953125,10.02595043182373,narrativeqa_28,narrativeqa,full,N/A,64,0.0,0.0
0.01876384118804708,53.29399188461576,64,2127.79833984375,21.86858367919922,narrativeqa_29,narrativeqa,full,N/A,64,0.0,0.05714285714285715
0.018713035678956658,53.43868398244591,64,2127.67724609375,8.275712966918945,narrativeqa_30,narrativeqa,full,N/A,64,0.0,0.06666666666666667
0.01874184625921771,53.35653628618232,64,2127.67724609375,12.261710166931152,narrativeqa_31,narrativeqa,full,N/A,64,0.0,0.0689655172413793
0.01873095688642934,53.38755548172258,64,2128.40673828125,19.20374870300293,narrativeqa_32,narrativeqa,full,N/A,64,0.0,0.0
0.018736657686531544,53.37131182787361,64,2127.73779296875,13.974432945251465,narrativeqa_33,narrativeqa,full,N/A,64,0.0,0.08695652173913045
0.018777042103465647,53.256524349776676,64,2127.92041015625,9.847039222717285,narrativeqa_34,narrativeqa,full,N/A,64,0.0,0.0
0.018712511635385454,53.44018053188515,64,2127.79833984375,10.566356658935547,narrativeqa_35,narrativeqa,full,N/A,64,0.0,0.09523809523809523
0.02316412068903446,43.17021195945437,10,2127.61669921875,205.15420532226562,narrativeqa_36,narrativeqa,full,N/A,64,0.0,0.5
0.018680662265978754,53.531292721950294,64,2127.73779296875,17.814861297607422,narrativeqa_37,narrativeqa,full,N/A,64,0.0,0.0
0.01873794663697481,53.36764050905885,64,2127.55517578125,4.894299507141113,narrativeqa_38,narrativeqa,full,N/A,64,0.0,0.0909090909090909
0.018682070600334555,53.52725730423544,64,2128.22412109375,8.934309959411621,narrativeqa_39,narrativeqa,full,N/A,64,0.0,0.11538461538461539
0.018692511308472604,53.497359637639384,64,2127.67724609375,9.607659339904785,narrativeqa_40,narrativeqa,full,N/A,64,0.0,0.10256410256410256
0.01875471940729767,53.319912619481194,64,2128.34619140625,16.672624588012695,narrativeqa_41,narrativeqa,full,N/A,64,0.0,0.09523809523809523
0.018703376757912338,53.46628113968547,64,2127.67724609375,10.324836730957031,narrativeqa_42,narrativeqa,full,N/A,64,0.0,0.0588235294117647
0.018711493350565434,53.44308876179471,64,2127.92041015625,9.150285720825195,narrativeqa_43,narrativeqa,full,N/A,64,0.0,0.0
0.018740748055279255,53.35966296811192,64,2128.10302734375,4.555775165557861,narrativeqa_44,narrativeqa,full,N/A,64,0.0,0.0784313725490196
0.018753716256469488,53.322764742962825,64,2128.16357421875,20.384033203125,narrativeqa_45,narrativeqa,full,N/A,64,0.0,0.24489795918367344
0.018790617876220495,53.21804778253188,64,2127.73779296875,4.872226238250732,narrativeqa_46,narrativeqa,full,N/A,64,0.0,0.08333333333333333
0.020311371301827225,49.233504973149664,23,2127.92041015625,88.26678466796875,narrativeqa_47,narrativeqa,full,N/A,64,0.0,0.16666666666666669
0.01870645472081378,53.457483789664735,64,2128.22412109375,5.7314934730529785,narrativeqa_48,narrativeqa,full,N/A,64,0.0,0.05882352941176471
0.018815777089912444,53.14688812592929,64,2128.10302734375,19.102943420410156,narrativeqa_49,narrativeqa,full,N/A,64,0.0,0.1621621621621622
0.018705132184550166,53.461263472169826,64,2128.16357421875,15.909699440002441,narrativeqa_50,narrativeqa,full,N/A,64,0.0,0.05555555555555556
0.01872765173902735,53.3969775781369,64,2128.22412109375,13.658495903015137,narrativeqa_51,narrativeqa,full,N/A,64,0.0,0.12000000000000001
0.018733363831415772,53.380696013761515,64,2127.85986328125,7.9850873947143555,narrativeqa_52,narrativeqa,full,N/A,64,0.0,0.08333333333333333
0.01873743231408298,53.36910539489469,64,2127.49462890625,8.487126350402832,narrativeqa_53,narrativeqa,full,N/A,64,0.0,0.0
0.018711648357566446,53.44264604008706,64,2127.67724609375,6.692692756652832,narrativeqa_54,narrativeqa,full,N/A,64,0.0,0.07692307692307693
0.01877561758738011,53.260564950584765,64,2128.34619140625,27.279869079589844,narrativeqa_55,narrativeqa,full,N/A,64,0.0,0.1777777777777778
0.018683680682443082,53.522644547211335,64,2127.79833984375,14.251718521118164,narrativeqa_56,narrativeqa,full,N/A,64,0.0,0.05
0.01869404234457761,53.49297822094962,64,2127.79833984375,5.704714775085449,narrativeqa_57,narrativeqa,full,N/A,64,0.0,0.12121212121212122
0.02011685845042978,49.7095509452489,28,2129.85693359375,62.09535217285156,narrativeqa_58,narrativeqa,full,N/A,64,0.0,0.19999999999999998
0.018924352596513927,52.84196618616221,64,2129.91064453125,9.521066665649414,narrativeqa_59,narrativeqa,full,N/A,64,0.0,0.20512820512820512
0.018867193022742867,53.002054878782516,64,2129.96435546875,10.106447219848633,narrativeqa_60,narrativeqa,full,N/A,64,0.0,0.10526315789473684
0.01894246623851359,52.791436310801615,64,2129.91064453125,10.228804588317871,narrativeqa_61,narrativeqa,full,N/A,64,0.0,0.18604651162790695
0.01975731211049216,50.614172333135734,35,2129.85693359375,22.465667724609375,narrativeqa_62,narrativeqa,full,N/A,64,0.0,0.2608695652173913
0.018834124668501318,53.095114193038455,64,2130.01806640625,4.605776786804199,narrativeqa_63,narrativeqa,full,N/A,64,0.0,0.14634146341463414
0.01975561463923165,50.61852127921911,33,2129.85693359375,61.28264236450195,narrativeqa_64,narrativeqa,full,N/A,64,0.0,0.17391304347826084
0.01883003336843103,53.106650446861245,64,2129.32763671875,12.761094093322754,narrativeqa_65,narrativeqa,full,N/A,64,0.0,0.2285714285714286
0.0188291457016021,53.109154066130245,64,2129.91064453125,11.643570899963379,narrativeqa_66,narrativeqa,full,N/A,64,0.0,0.12121212121212122
0.022407976112195423,44.62696653160725,14,2129.85693359375,156.23287963867188,narrativeqa_67,narrativeqa,full,N/A,64,0.0,0.2222222222222222
0.020038768915193423,49.90326522712674,28,2129.85693359375,62.09535217285156,narrativeqa_68,narrativeqa,full,N/A,64,0.0,0.19999999999999998
0.022451233817264438,44.540981940646176,16,2130.28857421875,196.72474670410156,narrativeqa_69,narrativeqa,full,N/A,64,0.0,0.19999999999999998
0.018912438419647515,52.875254782647836,64,2129.96435546875,8.059504508972168,narrativeqa_70,narrativeqa,full,N/A,64,0.0,0.06666666666666667
0.02118374230830293,47.20601230161546,19,2130.39599609375,111.82234191894531,narrativeqa_71,narrativeqa,full,N/A,64,0.0,0.3636363636363636
0.020854629576206207,47.95098356198739,21,2130.28857421875,71.97769165039062,narrativeqa_72,narrativeqa,full,N/A,64,0.0,0.25
0.018838367832358927,53.0831550216514,64,2130.18017578125,9.466712951660156,narrativeqa_73,narrativeqa,full,N/A,64,0.0,0.13333333333333333
0.018838271324057132,53.08342696619753,64,2131.93505859375,6.001552581787109,narrativeqa_74,narrativeqa,full,N/A,64,0.0,0.10909090909090909
0.019300948151133278,51.81092618713055,44,2130.12646484375,94.05107879638672,narrativeqa_75,narrativeqa,full,N/A,64,0.0,0.09523809523809523
0.019382770927179428,51.59221061616909,42,2130.23388671875,21.15279197692871,narrativeqa_76,narrativeqa,full,N/A,64,0.0,0.42105263157894735
0.018827343068551272,53.11423902772427,64,2129.43310546875,15.319755554199219,narrativeqa_77,narrativeqa,full,N/A,64,0.0,0.18604651162790695
0.018825142178684473,53.120448733305736,64,2129.85693359375,16.531553268432617,narrativeqa_78,narrativeqa,full,N/A,64,0.0,0.16666666666666669
0.018788562971167266,53.22386824019429,64,2129.43310546875,59.75312042236328,narrativeqa_79,narrativeqa,full,N/A,64,0.0,0.2
0.02104388326406479,47.51974659105015,20,2129.85693359375,67.04408264160156,narrativeqa_80,narrativeqa,full,N/A,64,0.0,0.3636363636363636
0.018804452032782137,53.178896053800564,64,2129.96435546875,8.059504508972168,narrativeqa_81,narrativeqa,full,N/A,64,0.0,0.06666666666666667
0.018843681376893073,53.06818662441633,64,2129.91064453125,11.786684036254883,narrativeqa_82,narrativeqa,full,N/A,64,0.0,0.0625
0.018843832018319517,53.067762386537105,64,2130.01806640625,8.039054870605469,narrativeqa_83,narrativeqa,full,N/A,64,0.0,0.0689655172413793
0.018834808783140033,53.09318568156367,64,2129.32763671875,10.630584716796875,narrativeqa_84,narrativeqa,full,N/A,64,0.0,0.1111111111111111
0.01900553939720759,52.616238829134524,52,2129.96435546875,43.927738189697266,narrativeqa_85,narrativeqa,full,N/A,64,0.0,0.2857142857142857
0.01881552505074069,53.1476000432225,64,2129.96435546875,8.595304489135742,narrativeqa_86,narrativeqa,full,N/A,64,0.0,0.2641509433962264
0.019742109671686634,50.65314784641082,33,2129.91064453125,21.35619354248047,narrativeqa_87,narrativeqa,full,N/A,64,0.0,0.3846153846153846
0.01982504571788013,50.44124559562069,64,2151.49853515625,5.48112154006958,narrativeqa_88,narrativeqa,full,N/A,64,0.0,0.25
0.019823156821075827,50.44605201008185,64,2151.76123046875,13.01620101928711,narrativeqa_89,narrativeqa,full,N/A,64,0.0,0.13043478260869565
0.023521287197416477,42.51468006860771,22,2153.37060546875,56.8702278137207,narrativeqa_90,narrativeqa,full,N/A,64,0.0,0.2857142857142857
0.03846086996297041,26.000451912886682,6,2151.49853515625,8128.486328125,narrativeqa_91,narrativeqa,full,N/A,64,1.0,1.0
0.022668113358891927,44.11483144483809,26,2153.64599609375,117.18505859375,narrativeqa_92,narrativeqa,full,N/A,64,0.0,0.7096774193548387
0.019497344095725566,51.28903686011427,64,2152.23876953125,6.216007232666016,narrativeqa_93,narrativeqa,full,N/A,64,0.0,0.15789473684210528
0.021663440391421318,46.16071971633823,34,2151.69580078125,30.993406295776367,narrativeqa_94,narrativeqa,full,N/A,64,0.0,0.0
0.019623613960686185,50.9590130545471,63,2152.03857421875,7.1053338050842285,narrativeqa_95,narrativeqa,full,N/A,64,0.0,0.23255813953488372
0.024186480790376663,41.34541145803571,17,2152.08935546875,110.75402069091797,narrativeqa_96,narrativeqa,full,N/A,64,0.0,0.4
0.021566754785077327,46.36766217103417,29,2152.23876953125,19.553956985473633,narrativeqa_97,narrativeqa,full,N/A,64,0.0,0.7333333333333334
0.0195897541125305,51.04709299849529,64,2152.13916015625,10.286962509155273,narrativeqa_98,narrativeqa,full,N/A,64,0.0,0.3478260869565218
0.019569232710637152,51.10062386127356,64,2152.13916015625,8.546677589416504,narrativeqa_99,narrativeqa,full,N/A,64,0.0,0.2857142857142857
