prefill_time_s,prefill_peak_alloc_MB,prefill_peak_reserved_MB,decode_time_s,decode_peak_alloc_MB,decode_peak_reserved_MB,tokens_generated,total_time_s,tokens_per_second,latency_per_token,input_tokens,exact_match,f1,evidence_f1,sample_id,baseline,dataset,model,max_new_tokens,streaming_start_size,streaming_recent_size
14.415,13033.08,14020.0,25.636,7034.68,10814.0,192,40.051,7.49,0.1335,7000,0.0,0.07692307692307693,0.0,397a1e851aab41c455c2b284f5e4947500d797f0,streamingllm,qasper,togethercomputer/LLaMA-2-7B-32K-Instruct,192,4,1020
14.428,13033.08,14020.0,25.646,7034.68,10814.0,192,40.074,7.49,0.1336,7000,0.0,0.07692307692307693,0.0,397a1e851aab41c455c2b284f5e4947500d797f0,streamingllm,qasper,togethercomputer/LLaMA-2-7B-32K-Instruct,192,4,1020
14.385,13031.21,14020.0,25.725,7034.21,10934.0,192,40.11,7.46,0.134,7000,0.0,0.15384615384615385,0.0,cc8b4ed3985f9bfbe1b5d7761b31d9bd6a965444,streamingllm,qasper,togethercomputer/LLaMA-2-7B-32K-Instruct,192,4,1020
14.406,13031.21,14020.0,25.738,7034.21,10934.0,192,40.144,7.46,0.1341,7000,0.0,0.0,0.0,f7662b11e87c1e051e13799413f3db459ac3e19c,streamingllm,qasper,togethercomputer/LLaMA-2-7B-32K-Instruct,192,4,1020
14.414,13031.21,14020.0,25.743,7034.21,10934.0,192,40.157,7.46,0.1341,7000,0.0,0.06802721088435375,0.0,b584739622d0c53830e60430b13fd3ae6ff43669,streamingllm,qasper,togethercomputer/LLaMA-2-7B-32K-Instruct,192,4,1020
7.554,11823.96,12522.0,25.759,8129.0,9960.0,192,33.313,7.45,0.1342,4581,0.0,0.0,0.0,2849c2944c47cf1de62b539c5d3c396a3e8d283a,streamingllm,qasper,togethercomputer/LLaMA-2-7B-32K-Instruct,192,4,1020
14.153,13031.2,14018.0,25.745,6834.52,10934.0,192,39.898,7.46,0.1341,6679,0.0,0.0,0.0,1a6156189297b2fe17f174ef55cbd20341bb7dbf,streamingllm,qasper,togethercomputer/LLaMA-2-7B-32K-Instruct,192,4,1020
14.163,13031.2,14018.0,25.759,6833.28,10934.0,192,39.922,7.45,0.1342,6677,0.0,0.0,0.0,3319d56556ae1597a86384057db0831e32774b90,streamingllm,qasper,togethercomputer/LLaMA-2-7B-32K-Instruct,192,4,1020
14.039,13031.2,14018.0,25.768,6833.9,10934.0,192,39.807,7.45,0.1342,6678,0.0,0.0,0.0,8cbe3fa4ec0f66071e3d6b829b09b6395b631c44,streamingllm,qasper,togethercomputer/LLaMA-2-7B-32K-Instruct,192,4,1020
14.003,13031.2,14018.0,25.766,6835.15,10934.0,192,39.769,7.45,0.1342,6680,0.0,0.0,0.0,85e417231a4bbb6691f7a89bd81710525f8fec4c,streamingllm,qasper,togethercomputer/LLaMA-2-7B-32K-Instruct,192,4,1020
13.985,13031.2,14018.0,25.76,6835.15,10934.0,192,39.745000000000005,7.45,0.1342,6680,0.0,0.0,0.0,57ee20f494d8ce3fae46028c3f3551d180dba3e0,streamingllm,qasper,togethercomputer/LLaMA-2-7B-32K-Instruct,192,4,1020
14.055,13031.2,14018.0,25.777,6833.9,10934.0,192,39.832,7.45,0.1343,6678,0.0,0.0,0.0,2974237446d04da33b78ce6d22a477cdf80877b7,streamingllm,qasper,togethercomputer/LLaMA-2-7B-32K-Instruct,192,4,1020
12.445,13031.19,14018.0,25.788,6114.77,10934.0,192,38.233000000000004,7.45,0.1343,5522,0.0,0.0,0.0,bc8526d4805e2554adb2e9c01736d3f3a3b19895,streamingllm,qasper,togethercomputer/LLaMA-2-7B-32K-Instruct,192,4,1020
12.492,13031.19,14018.0,25.817,6116.2,10934.0,192,38.309,7.44,0.1345,5523,0.0,0.0,0.0,a0fd0c0fe042ad045b8d5095c81643ef3a352b81,streamingllm,qasper,togethercomputer/LLaMA-2-7B-32K-Instruct,192,4,1020
14.454,13031.21,14020.0,25.84,7034.21,10934.0,192,40.294,7.43,0.1346,7000,0.0,0.4615384615384615,0.0,6e040e80f2da69d50386a90a38ed6d2fa4f77bbd,streamingllm,qasper,togethercomputer/LLaMA-2-7B-32K-Instruct,192,4,1020
14.398,13031.21,14020.0,25.804,7034.21,10934.0,192,40.202,7.44,0.1344,7000,0.0,0.0,0.0,aebd1f0d728d0de5f76238844da044a44109f76f,streamingllm,qasper,togethercomputer/LLaMA-2-7B-32K-Instruct,192,4,1020
14.414,13031.21,14020.0,25.8,7034.21,10934.0,192,40.214,7.44,0.1344,7000,0.0,0.0,0.0,cb4086ad022197da79f28dc609d0de90108c4543,streamingllm,qasper,togethercomputer/LLaMA-2-7B-32K-Instruct,192,4,1020
4.671,8661.36,10058.0,25.836,7329.64,7680.0,192,30.506999999999998,7.43,0.1346,3297,0.0,0.0,0.0,756a8a9125e6984e0ca768b653c6c760efa3db66,streamingllm,qasper,togethercomputer/LLaMA-2-7B-32K-Instruct,192,4,1020
4.679,8674.5,10074.0,25.815,7332.71,7688.0,192,30.494,7.44,0.1345,3303,0.0,0.0,0.0,fe52b093735bb456d7e699aa9a2b806d2b498ba0,streamingllm,qasper,togethercomputer/LLaMA-2-7B-32K-Instruct,192,4,1020
4.373,8664.0,10058.0,25.809,7329.99,7680.0,192,30.182000000000002,7.44,0.1344,3298,0.0,0.0,0.0,7748c072e07d6c6db5a34be38b4a5e97ac6d7999,streamingllm,qasper,togethercomputer/LLaMA-2-7B-32K-Instruct,192,4,1020
6.161,10764.71,11236.0,25.793,7887.12,9096.0,192,31.954,7.44,0.1343,4186,0.0,0.0,0.0,c97306c1be5d59cf27b1054adfa8f1da47d292ce,streamingllm,qasper,togethercomputer/LLaMA-2-7B-32K-Instruct,192,4,1020
6.7,10767.26,11244.0,25.694,7886.06,9102.0,192,32.394,7.47,0.1338,4187,0.0,0.0,0.0,e42916924b69cab1df25d3b4e6072feaa0ba8084,streamingllm,qasper,togethercomputer/LLaMA-2-7B-32K-Instruct,192,4,1020
6.686,10767.26,11244.0,25.682,7886.06,9102.0,192,32.367999999999995,7.48,0.1338,4187,0.0,0.0,1.0,079ca5810060e1cdc12b5935d8c248492f0478b9,streamingllm,qasper,togethercomputer/LLaMA-2-7B-32K-Instruct,192,4,1020
6.867,11864.26,12574.0,25.698,8137.98,9994.0,192,32.565,7.47,0.1338,4596,0.0,0.0,0.0,a3e7d7389228a197c8c44e0c504a791b60f2c80d,streamingllm,qasper,togethercomputer/LLaMA-2-7B-32K-Instruct,192,4,1020
6.638,11853.35,12562.0,25.727,8135.21,9986.0,192,32.365,7.46,0.134,4592,0.0,0.0,0.0,8b4bd0a962241ea548752212ebac145e2ced7452,streamingllm,qasper,togethercomputer/LLaMA-2-7B-32K-Instruct,192,4,1020
7.54,11845.18,12550.0,25.698,8133.61,9978.0,192,33.238,7.47,0.1338,4589,0.0,0.0,0.0,d39059340a79bdc0ebab80ad3308e3037d7d5773,streamingllm,qasper,togethercomputer/LLaMA-2-7B-32K-Instruct,192,4,1020
6.935,11848.32,12550.0,25.693,8134.18,9978.0,192,32.628,7.47,0.1338,4590,0.0,0.0,0.0,31d4b0204702907dc0cd0f394cf9c984649e1fbf,streamingllm,qasper,togethercomputer/LLaMA-2-7B-32K-Instruct,192,4,1020
4.353,8796.5,10272.0,25.654,7368.33,7730.0,192,30.006999999999998,7.48,0.1336,3360,0.0,0.0,0.0,371433bd3fb5042bacec4dfad3cfff66147c14f0,streamingllm,qasper,togethercomputer/LLaMA-2-7B-32K-Instruct,192,4,1020
4.741,8795.71,10266.0,25.696,7367.55,7728.0,192,30.437,7.47,0.1338,3359,0.0,0.0,0.0,f64449a21c452bc5395a0f0a49fb49825e6385f4,streamingllm,qasper,togethercomputer/LLaMA-2-7B-32K-Instruct,192,4,1020
4.738,8785.61,10256.0,25.695,7365.06,7722.0,192,30.433,7.47,0.1338,3355,0.0,0.0,0.0,3aeb25e334c8129b376f11c7077bcb2dd54f7e0e,streamingllm,qasper,togethercomputer/LLaMA-2-7B-32K-Instruct,192,4,1020
14.363,13031.21,14020.0,25.702,7034.21,10934.0,192,40.065,7.47,0.1339,7000,0.0,0.0,0.0,c19e9fd2f1c969e023fb99b74e78eb1f3db8e162,streamingllm,qasper,togethercomputer/LLaMA-2-7B-32K-Instruct,192,4,1020
