total_time_seconds,tokens_per_second,peak_vram_mb,kv_cache_method,perplexity,sample_id,dataset,baseline,window_size,max_new_tokens,rouge1,rouge2,rougeL,f1,exact_match
0.025832554572843947,38.710844379720534,256,2249.07666015625,3.635373592376709,govreport_0,govreport,full,N/A,256,0.3101449275362319,0.13953488372093023,0.17971014492753623,0.10472972972972973,0.0
0.024533723670174368,40.76022105098132,256,2249.07958984375,6.902263164520264,govreport_1,govreport,full,N/A,256,0.28208092485549136,0.09269988412514485,0.16647398843930636,0.08461538461538462,0.0
0.024474659046973102,40.85858757340584,256,2249.07666015625,6.2724175453186035,govreport_2,govreport,full,N/A,256,0.27633378932968533,0.12894375857338822,0.16142270861833105,0.13230769230769232,0.0
0.02450559525459539,40.80700711860798,256,2249.07861328125,4.434996604919434,govreport_3,govreport,full,N/A,256,0.24279210925644917,0.0821917808219178,0.15174506828528073,0.10543657331136737,0.0
0.024480784850311466,40.848363568183444,256,2249.11279296875,9.151137351989746,govreport_4,govreport,full,N/A,256,0.2835820895522388,0.06483790523690773,0.15174129353233828,0.10393258426966291,0.0
0.02450217596197035,40.81270175971688,256,2248.91259765625,11.400935173034668,govreport_5,govreport,full,N/A,256,0.39142091152815006,0.1424731182795699,0.193029490616622,0.14479638009049775,0.0
0.02449562039691955,40.8236241334698,256,2248.98779296875,13.423174858093262,govreport_6,govreport,full,N/A,256,0.246119733924612,0.07555555555555556,0.12195121951219512,0.11152416356877323,0.0
0.024511893032467924,40.79652267882459,256,2249.11767578125,9.261401176452637,govreport_7,govreport,full,N/A,256,0.19260533104041275,0.08613264427217916,0.12725709372312982,0.0765639589169001,0.0
0.024501398744178005,40.81399639429234,256,2249.02587890625,5.660393714904785,govreport_8,govreport,full,N/A,256,0.2888198757763975,0.04049844236760125,0.15838509316770186,0.08741258741258742,0.0
0.024469110168865882,40.86785310535667,256,2249.15283203125,2.457162618637085,govreport_9,govreport,full,N/A,256,0.18840579710144928,0.07267441860465115,0.10434782608695653,0.1103202846975089,0.0
0.024531373841455206,40.764125420082046,256,2248.91259765625,2.878779411315918,govreport_10,govreport,full,N/A,256,0.19444444444444445,0.06329113924050633,0.13131313131313133,0.049999999999999996,0.0
0.024480341162416153,40.849103914256986,256,2249.03662109375,10.266839027404785,govreport_11,govreport,full,N/A,256,0.3210884353741496,0.1418826739427012,0.14149659863945577,0.13215859030837004,0.0
0.02449601471016649,40.82296699409532,256,2249.17724609375,11.114822387695312,govreport_12,govreport,full,N/A,256,0.2747875354107649,0.05681818181818182,0.1388101983002833,0.10015649452269172,0.0
0.024494269426213577,40.82587574258523,256,2249.02490234375,9.19343090057373,govreport_13,govreport,full,N/A,256,0.29882044560943644,0.17871222076215504,0.20969855832241152,0.12553495007132667,0.0
0.02448434752295725,40.84241979747961,256,2249.00634765625,7.905900001525879,govreport_14,govreport,full,N/A,256,0.33150684931506846,0.11538461538461536,0.1917808219178082,0.09939759036144578,0.0
0.024528079651645385,40.76960015632199,256,2249.02587890625,18.04066276550293,govreport_15,govreport,full,N/A,256,0.2546972860125261,0.1087866108786611,0.14822546972860123,0.11866501854140915,0.0
0.02446876211615745,40.86843442479137,256,2249.11376953125,11.079880714416504,govreport_16,govreport,full,N/A,256,0.2072892938496583,0.0684931506849315,0.1275626423690205,0.10565110565110566,0.0
0.02446459175553173,40.87540106913447,256,2248.93896484375,12.855680465698242,govreport_17,govreport,full,N/A,256,0.3866057838660578,0.22900763358778628,0.228310502283105,0.1687170474516696,0.0
0.02454086246143561,40.748364144554245,256,2249.15673828125,4.0811662673950195,govreport_18,govreport,full,N/A,256,0.2640586797066014,0.06862745098039216,0.156479217603912,0.06806282722513089,0.0
0.02587540252980861,38.64674177910834,132,2248.92919921875,6.735991477966309,govreport_19,govreport,full,N/A,256,0.24324324324324326,0.10240963855421686,0.13813813813813813,0.11333333333333334,0.0
0.02449147634615656,40.830531645632284,256,2249.04833984375,11.773992538452148,govreport_20,govreport,full,N/A,256,0.28021978021978017,0.10743801652892564,0.16758241758241757,0.09638554216867469,0.0
0.024527707311790437,40.770219054240805,256,2249.02587890625,5.725042343139648,govreport_21,govreport,full,N/A,256,0.25653206650831356,0.1119047619047619,0.15914489311163896,0.08300907911802854,0.0
0.024468971212627366,40.86808518880204,256,2249.04345703125,4.834969520568848,govreport_22,govreport,full,N/A,256,0.30173564753004006,0.11512717536813921,0.17356475300400534,0.08442503639010189,0.0
0.024475472877384163,40.85722899041597,256,2249.12548828125,6.928189277648926,govreport_23,govreport,full,N/A,256,0.20450885668276975,0.048387096774193554,0.10628019323671499,0.058201058201058205,0.0
0.024467869559885003,40.86992525248283,256,2249.02490234375,6.484162330627441,govreport_24,govreport,full,N/A,256,0.3319268635724332,0.15232722143864597,0.17158931082981715,0.1178294573643411,0.0
0.02451786158781033,40.78659129461662,256,2249.11181640625,12.683647155761719,govreport_25,govreport,full,N/A,256,0.33383915022761756,0.16133942161339423,0.20333839150227617,0.17537942664418213,0.0
0.024548945802962407,40.73494674786917,256,2249.21337890625,2.401844024658203,govreport_26,govreport,full,N/A,256,0.24680851063829784,0.04836415362731152,0.15886524822695033,0.05581395348837209,0.0
0.024514374366845004,40.79239327243332,256,2249.13623046875,4.57241678237915,govreport_27,govreport,full,N/A,256,0.24623803009575923,0.04663923182441701,0.13953488372093023,0.06106870229007634,0.0
0.024481061642291024,40.84790172140657,256,2248.95751953125,18.276561737060547,govreport_28,govreport,full,N/A,256,0.3732503888024883,0.13104524180967236,0.16485225505443235,0.15959252971137522,0.0
0.024495838908478618,40.8232599722835,256,2249.13720703125,15.317625045776367,govreport_29,govreport,full,N/A,256,0.25,0.04087193460490463,0.1358695652173913,0.08504398826979473,0.0
0.024468220202834345,40.86933956414869,256,2249.01025390625,2.956829071044922,govreport_30,govreport,full,N/A,256,0.2164090368608799,0.052443384982121574,0.12604042806183116,0.07142857142857142,0.0
0.024516434015822597,40.78896626461306,256,2248.96923828125,9.988824844360352,govreport_31,govreport,full,N/A,256,0.21515892420537902,0.053921568627450976,0.11246943765281174,0.08412483039348712,0.0
0.024519553524442017,40.78377687436936,256,2248.98779296875,8.581218719482422,govreport_32,govreport,full,N/A,256,0.3045161290322581,0.11901681759379043,0.16258064516129034,0.12553495007132667,0.0
0.02449093981704209,40.831426130251934,256,2248.99267578125,13.166387557983398,govreport_33,govreport,full,N/A,256,0.29914529914529914,0.15714285714285714,0.15669515669515668,0.13548387096774195,0.0
0.024475683443597518,40.85687749248879,256,2249.05712890625,6.844613075256348,govreport_34,govreport,full,N/A,256,0.2749638205499277,0.10449927431059507,0.15629522431259044,0.10559006211180126,0.0
0.024500576852005906,40.81536553365388,256,2248.98291015625,10.215841293334961,govreport_35,govreport,full,N/A,256,0.27926657263751764,0.099009900990099,0.16925246826516221,0.10526315789473685,0.0
0.02447641667095013,40.85565356414493,256,2248.91455078125,10.32297420501709,govreport_36,govreport,full,N/A,256,0.4401709401709402,0.11587982832618025,0.2094017094017094,0.18048780487804877,0.0
0.02449131313187536,40.83080374724798,256,2248.94677734375,6.581428527832031,govreport_37,govreport,full,N/A,256,0.31845238095238093,0.07761194029850745,0.15476190476190474,0.07876712328767124,0.0
0.02452380521572195,40.77670619235349,256,2249.07861328125,5.4847092628479,govreport_38,govreport,full,N/A,256,0.35504469987228604,0.14852752880921896,0.19412515964240104,0.10914454277286136,0.0
0.02448473391996231,40.841775257549514,256,2248.97314453125,10.684419631958008,govreport_39,govreport,full,N/A,256,0.3698630136986301,0.18681318681318682,0.1726027397260274,0.1592920353982301,0.0
0.024506296933395788,40.805838708224286,256,2248.94677734375,8.351320266723633,govreport_40,govreport,full,N/A,256,0.26721763085399447,0.06077348066298342,0.1515151515151515,0.0879120879120879,0.0
0.024842393580177022,40.25377010361633,213,2249.03759765625,9.797751426696777,govreport_41,govreport,full,N/A,256,0.28425096030729835,0.11553273427471117,0.1587708066581306,0.11494252873563218,0.0
0.024526327921194024,40.77251202108679,256,2249.20166015625,11.339920043945312,govreport_42,govreport,full,N/A,256,0.36740331491712713,0.13850415512465375,0.1712707182320442,0.14110429447852763,0.0
0.024482120032189414,40.84613582014902,256,2248.99169921875,22.03007698059082,govreport_43,govreport,full,N/A,256,0.3057851239669422,0.09392265193370167,0.17079889807162538,0.14197530864197533,0.0
0.02446629795304034,40.87255055584466,256,2248.93701171875,3.799579381942749,govreport_44,govreport,full,N/A,256,0.2683982683982684,0.1678726483357453,0.18759018759018758,0.18057921635434415,0.0
0.024510349045158364,40.799092585649426,256,2249.14501953125,8.847850799560547,govreport_45,govreport,full,N/A,256,0.30787589498806683,0.0861244019138756,0.15990453460620527,0.11290322580645162,0.0
0.02446236091782339,40.879128689144444,256,2249.06201171875,9.366926193237305,govreport_46,govreport,full,N/A,256,0.17771883289124668,0.05585106382978724,0.10610079575596817,0.09720176730486009,0.0
0.024491726158885285,40.83011517900761,256,2249.01123046875,16.384506225585938,govreport_47,govreport,full,N/A,256,0.3087621696801113,0.08089260808926081,0.16133518776077885,0.13554216867469882,0.0
0.024512575109838508,40.7953874906694,256,2248.91552734375,6.689473628997803,govreport_48,govreport,full,N/A,256,0.3076923076923077,0.08,0.1623931623931624,0.09375,0.0
0.024521462561096996,40.780601789490646,256,2249.20947265625,5.962043762207031,govreport_49,govreport,full,N/A,256,0.17938144329896907,0.03305785123966942,0.1092783505154639,0.06482593037214886,0.0
0.024496181576978415,40.82268891000559,256,2248.97900390625,7.247312068939209,govreport_50,govreport,full,N/A,256,0.3130659767141009,0.0959792477302205,0.17852522639068566,0.10719754977029096,0.0
0.02454148263495881,40.747334416361696,256,2249.23193359375,4.069890022277832,govreport_51,govreport,full,N/A,256,0.24639580602883354,0.0709592641261498,0.15203145478374835,0.07429420505200594,0.0
0.02453254944703076,40.762171993544385,256,2248.93701171875,5.586947917938232,govreport_52,govreport,full,N/A,256,0.30834512022630833,0.05673758865248227,0.1471004243281471,0.09006211180124224,0.0
0.024532509080017917,40.762239065653276,256,2248.99267578125,9.243017196655273,govreport_53,govreport,full,N/A,256,0.321273516642547,0.13642960812772134,0.191027496382055,0.09904153354632587,0.0
0.02453143616730813,40.76402185260772,256,2249.18310546875,8.487228393554688,govreport_54,govreport,full,N/A,256,0.30303030303030304,0.0729483282674772,0.1575757575757576,0.10256410256410257,0.0
0.02502924516738858,39.953262406128516,256,2249.12939453125,19.876178741455078,govreport_55,govreport,full,N/A,256,0.23542600896860988,0.056179775280898875,0.13004484304932737,0.07701863354037267,0.0
0.024904821664677,40.15286732280921,256,2248.93408203125,14.693190574645996,govreport_56,govreport,full,N/A,256,0.4370477568740956,0.18287373004354135,0.23154848046309695,0.16025641025641027,0.0
0.0246920827194117,40.49881135437187,256,2248.96142578125,10.213537216186523,govreport_57,govreport,full,N/A,256,0.3873626373626374,0.19008264462809918,0.18956043956043953,0.1368584758942457,0.0
0.024629456602269784,40.60178899390914,256,2249.04345703125,4.55306339263916,govreport_58,govreport,full,N/A,256,0.2860696517412935,0.09476309226932668,0.17412935323383083,0.08333333333333334,0.0
0.024623268560389988,40.611992577161,256,2248.96630859375,7.392679214477539,govreport_59,govreport,full,N/A,256,0.23249669749009247,0.10596026490066225,0.0977542932628798,0.13432835820895522,0.0
0.024481684144120663,40.846863071720186,256,2249.01416015625,3.5711758136749268,govreport_60,govreport,full,N/A,256,0.3238993710691824,0.05993690851735017,0.16352201257861634,0.09009009009009009,0.0
0.024450938755762763,40.898225216989395,256,2249.00244140625,6.848827838897705,govreport_61,govreport,full,N/A,256,0.2313323572474378,0.06461086637298091,0.10834553440702782,0.09920000000000001,0.0
0.02443851226416882,40.91902114132278,256,2248.92822265625,14.198888778686523,govreport_62,govreport,full,N/A,256,0.28924598269468477,0.11648079306071871,0.15822002472187885,0.1392235609103079,0.0
0.024447974254144356,40.90318443584268,256,2248.96728515625,18.28287696838379,govreport_63,govreport,full,N/A,256,0.31181102362204727,0.1263823064770932,0.1637795275590551,0.12433392539964479,0.0
0.024452880868921056,40.8949769706265,256,2249.04736328125,6.8082122802734375,govreport_64,govreport,full,N/A,256,0.29535864978902954,0.11001410437235544,0.16033755274261602,0.10559006211180125,0.0
0.024435163402813487,40.92462913036461,256,2248.98291015625,2.984654664993286,govreport_65,govreport,full,N/A,256,0.2065217391304348,0.0681198910081744,0.12771739130434784,0.0955518945634267,0.0
0.02443018660414964,40.93296609654807,256,2249.00244140625,8.116464614868164,govreport_66,govreport,full,N/A,256,0.2682602921646746,0.05059920106524634,0.15670650730411687,0.07246376811594203,0.0
0.02449451714346651,40.82546286350179,256,2249.14892578125,10.801046371459961,govreport_67,govreport,full,N/A,256,0.2795698924731183,0.08012326656394453,0.13824884792626727,0.13666666666666666,0.0
0.024467875045957044,40.86991608882011,256,2248.97900390625,4.986216068267822,govreport_68,govreport,full,N/A,256,0.2110091743119266,0.08735632183908044,0.1353211009174312,0.08111533586818759,0.0
0.024485139103489928,40.84109940210499,256,2248.95458984375,7.230304718017578,govreport_69,govreport,full,N/A,256,0.25157232704402516,0.06809583858764186,0.13333333333333333,0.09714285714285716,0.0
0.024490469659212977,40.83220999495262,256,2249.05322265625,9.055782318115234,govreport_70,govreport,full,N/A,256,0.2865671641791045,0.11077844311377244,0.16417910447761194,0.10950080515297908,0.0
0.02446332250838168,40.877521835285364,256,2249.05029296875,4.018886089324951,govreport_71,govreport,full,N/A,256,0.28276877761413843,0.06794682422451995,0.16494845360824745,0.07766990291262135,0.0
0.02445756908855401,40.88713789908065,256,2248.94580078125,15.05916976928711,govreport_72,govreport,full,N/A,256,0.26373626373626374,0.11013215859030837,0.14065934065934066,0.12423873325213153,0.0
0.024474566656863317,40.85874181227121,256,2248.91162109375,8.526097297668457,govreport_73,govreport,full,N/A,256,0.32974910394265233,0.15568862275449102,0.17204301075268819,0.1492921492921493,0.0
0.02447905420558527,40.851251506761024,256,2248.90576171875,12.966175079345703,govreport_74,govreport,full,N/A,256,0.2995720399429387,0.12589413447782546,0.17403708987161198,0.14150943396226415,0.0
0.024502875909092836,40.811535907460865,256,2248.97021484375,16.52025032043457,govreport_75,govreport,full,N/A,256,0.3073110285006196,0.14658385093167703,0.16852540272614622,0.1316872427983539,0.0
0.024468123767292127,40.86950064135095,256,2248.99462890625,14.774300575256348,govreport_76,govreport,full,N/A,256,0.29569892473118276,0.09433962264150944,0.14784946236559138,0.10834553440702784,0.0
0.024480621854308993,40.848635543299466,256,2248.98095703125,3.8683393001556396,govreport_77,govreport,full,N/A,256,0.22458270106221545,0.03348554033485541,0.13657056145675267,0.06518010291595197,0.0
0.02446194158983417,40.87982944148544,256,2248.97998046875,6.201131343841553,govreport_78,govreport,full,N/A,256,0.34557823129251697,0.12551159618008187,0.16598639455782316,0.10588235294117648,0.0
0.02448469732189551,40.84183630506828,256,2248.98291015625,3.63191556930542,govreport_79,govreport,full,N/A,256,0.23906705539358603,0.13157894736842105,0.1457725947521866,0.1243523316062176,0.0
0.024605301674455404,40.64164761036742,256,2249.10791015625,8.449851036071777,govreport_80,govreport,full,N/A,256,0.2918454935622318,0.13199426111908177,0.18311874105865522,0.10526315789473684,0.0
0.02448559667391237,40.84033619100766,256,2249.27099609375,3.339303970336914,govreport_81,govreport,full,N/A,256,0.21438263229308008,0.029931972789115645,0.13297150610583447,0.043887147335423204,0.0
0.024455355771351606,40.89083836479929,256,2248.92236328125,3.611677646636963,govreport_82,govreport,full,N/A,256,0.21468926553672318,0.06232294617563739,0.1497175141242938,0.055172413793103454,0.0
0.024468220653943717,40.86933881065941,256,2249.03271484375,3.8137333393096924,govreport_83,govreport,full,N/A,256,0.2672955974842767,0.07570977917981073,0.13836477987421383,0.08421052631578947,0.0
0.02447301863867324,40.86132629424636,256,2249.25439453125,4.090535640716553,govreport_84,govreport,full,N/A,256,0.21369450714823177,0.0904295403165034,0.11738148984198644,0.06568144499178982,0.0
0.02448845625622198,40.83556715609306,256,2249.25634765625,9.533916473388672,govreport_85,govreport,full,N/A,256,0.1687272727272727,0.04078659868900218,0.10181818181818181,0.04534792806880375,0.0
0.024493846314726397,40.826580976739926,256,2249.09228515625,6.753891944885254,govreport_86,govreport,full,N/A,256,0.255079006772009,0.04072398190045248,0.1399548532731377,0.09547738693467335,0.0
0.024529648057068698,40.76699338178358,256,2248.96533203125,3.52724027633667,govreport_87,govreport,full,N/A,256,0.29508196721311475,0.08920187793427231,0.16159250585480092,0.06658130601792574,0.0
0.024514896431355737,40.7915245654863,256,2249.04638671875,8.045934677124023,govreport_88,govreport,full,N/A,256,0.2903225806451613,0.13746630727762804,0.15053763440860216,0.09970674486803519,0.0
0.024516557619790547,40.78876062081277,256,2249.06103515625,9.978218078613281,govreport_89,govreport,full,N/A,256,0.293010752688172,0.07277628032345014,0.1586021505376344,0.125,0.0
0.024450231750961393,40.89940783324803,256,2248.94287109375,7.894399166107178,govreport_90,govreport,full,N/A,256,0.2431761786600496,0.05970149253731343,0.13399503722084366,0.09375,0.0
0.024541125050745904,40.74792813826626,256,2249.17822265625,5.452635288238525,govreport_91,govreport,full,N/A,256,0.23484119345524543,0.07907425265188042,0.14629451395572665,0.06994535519125682,0.0
0.02452808704401832,40.7695878690169,256,2249.24267578125,2.7348110675811768,govreport_92,govreport,full,N/A,256,0.1589267285861713,0.016546018614270942,0.11351909184726522,0.024858757062146894,0.0
0.02454176680475939,40.7468626018429,256,2249.00244140625,14.752938270568848,govreport_93,govreport,full,N/A,256,0.30145867098865475,0.0845528455284553,0.1620745542949757,0.09454545454545456,0.0
0.02450071352359373,40.81513785453712,256,2248.96240234375,14.803025245666504,govreport_94,govreport,full,N/A,256,0.34860050890585237,0.1683673469387755,0.17811704834605596,0.1741654571843251,0.0
0.024490604526363313,40.83198513632171,256,2249.01904296875,7.736425399780273,govreport_95,govreport,full,N/A,256,0.2477064220183486,0.0574712643678161,0.12155963302752294,0.09336609336609335,0.0
0.024479748506564647,40.85009287296533,256,2249.03759765625,9.44920539855957,govreport_96,govreport,full,N/A,256,0.2802919708029197,0.06149341142020497,0.12554744525547445,0.10610932475884244,0.0
0.0244878668745514,40.836549999348165,256,2249.12646484375,6.164872169494629,govreport_97,govreport,full,N/A,256,0.4067796610169492,0.24829931972789115,0.2745762711864407,0.13479052823315119,0.0
0.02449668914778158,40.82184306488455,256,2249.00244140625,11.32752513885498,govreport_98,govreport,full,N/A,256,0.36734693877551017,0.11604095563139932,0.17687074829931973,0.14095238095238097,0.0
0.024493964127032086,40.82638460698885,256,2249.01220703125,12.041071891784668,govreport_99,govreport,full,N/A,256,0.33551769331585846,0.1471747700394218,0.18086500655307997,0.12835820895522387,0.0
